惑龋疙,瘤锅林家,困档,版档
乔揪蜡历SYSTEM,堡林堡开矫 合备 款鞠悼 420-16,35.170201,126.8876671
GS25,堡林堡开矫 合备 侩豪悼 1209-1,35.1814431,126.9044557
GS辑康措切背痢,堡林堡开矫 合备 款鞠悼 885-43,35.1766325,126.8707966
内府酒技红堡林林岿3龋,堡林堡开矫 巢备 林岿悼 1286-1,35.1319986,126.9021442
CU,堡林堡开矫 辑备 丑己悼 425-4,35.1595259,126.8884132
内府酒技红堡林岿魂2龋,堡林堡开矫 巢备 岿魂悼 1048-150,35.1366919,126.8947101
CU,堡林堡开矫 悼备 面厘肺5啊 24,35.1513823,126.9118787
GS25,堡林堡开矫 堡魂备 快魂悼 1037-2,35.1560446,126.8132811
GS25,堡林堡开矫 堡魂备 岿拌悼 829-8,35.2115723,126.8424294
GS25,堡林堡开矫 辑备 浅鞠悼 1058,35.1203345,126.8801578
瘤胶啪,堡林堡开矫 合备 侩傈悼 1224-2,35.2362123,126.894053
矫蜡堡林瘤籍吝居痢,堡林堡开矫 巢备 瘤籍悼 323-3,35.0833302,126.8299243
内府酒技红堡林剧魂绒促澜痢,堡林堡开矫 合备 剧魂悼 249-38,35.2096587,126.8734939
技红老饭红堡林辑籍榜靛痢,堡林堡开矫 悼备 辑籍悼 98-1,35.1435752,126.9229663
揪蜡陛悼吝居,堡林堡开矫 悼备 陛悼 211-6,35.1417292,126.9180894
技红老饭红堡林滴鞠扼牢痢,堡林堡开矫 合备 滴鞠悼 916-8,35.1713971,126.9369839
技红老饭红堡林脚窍巢傍窜痢,堡林堡开矫 堡魂备 坷急悼 254-6,35.2018184,126.7945838
技红老饭红,堡林堡开矫 悼备 辑籍悼 375,35.1423617,126.9342164
技红老饭红扁刀捍盔,堡林堡开矫 巢备 剧覆悼 264,35.1366898,126.912084
固聪胶砰,堡林堡开矫 合备 悼覆悼 234,35.1771683,126.8657697
技红老饭红,堡林堡开矫 堡魂备 街鞠悼 694-34,35.2164705,126.8500941
技红老饭红,堡林堡开矫 堡魂备 街鞠悼 689-8,35.2203692,126.8526208
GS25,堡林堡开矫 合备 浅氢悼 602-10,35.166078,126.9203468
技红老饭红,堡林堡开矫 堡魂备 快魂悼 1613-1,35.1535873,126.8075771
CU,堡林堡开矫 巢备 瘤籍悼 323-3,35.0833302,126.8299243
技红老饭红,堡林堡开矫 合备 侩豪悼 1240-1,35.1793558,126.8988534
固聪胶砰,堡林堡开矫 堡魂备 快魂悼 1606-10,35.1603526,126.8055379
技红老饭红,堡林堡开矫 堡魂备 脚啊悼 1008-1,35.1836003,126.8348439
CU,堡林堡开矫 堡魂备 家锰悼 518-1,35.1445219,126.798898
技红老饭红堡林魂荐痢,堡林堡开矫 悼备 魂荐悼 526-21,35.1551579,126.9328532
技红老饭红,堡林堡开矫 巢备 价窍悼 252,35.111659,126.8765796
技红老饭红,堡林堡开矫 辑备 摹乞悼 1223-1,35.1547241,126.8544063
技红老饭红,堡林堡开矫 堡魂备 家锰悼 783-144,35.144883,126.7907399
内府酒技红堡林巢何措痢,堡林堡开矫 堡魂备 岿拌悼 864-1,35.2073997,126.8413659
技红老饭红,堡林堡开矫 辑备 浅鞠悼 926-3,35.1205517,126.8659224
固聪胶砰,堡林堡开矫 辑备 街锰悼 1310-4,35.1534432,126.8589161
技红老饭红,堡林堡开矫 合备 老邦悼 843-1,35.2038153,126.8970279
固贰祈狼痢,堡林堡开矫 合备 坷摹悼 752-1,35.1902972,126.8997305
困靛固,堡林堡开矫 合备 脚救悼 7-5,35.161401,126.9066121
固聪胶砰,堡林堡开矫 堡魂备 脚啊悼 975-1,35.1860977,126.834096
GS25,堡林堡开矫 巢备 归款悼 32-1,35.1403204,126.9038632
固聪胶砰,堡林堡开矫 堡魂备 窍巢悼 752,35.1794977,126.8044353
技红老饭红,堡林堡开矫 堡魂备 柳邦悼 520,35.2091756,126.7829608
CU,堡林堡开矫 合备 巩蕊悼 997-12,35.1855603,126.922854
技红老饭红,堡林堡开矫 巢备 柳岿悼 513-1,35.1152735,126.8973326
GS25,堡林堡开矫 合备 吝蕊悼 696-13,35.1619601,126.9111363
技红老饭红堡林烙悼版剧痢,堡林堡开矫 合备 烙悼 3-20,35.1622043,126.9025363
坷锹祈狼痢,堡林堡开矫 合备 巩蕊悼 1011-5,35.1828561,126.9224116
CU,堡林堡开矫 堡魂备 脚啊悼 1015-6,35.1849444,126.8367896
CU,堡林堡开矫 巢备 规覆悼 562,35.1355716,126.9199328
内府酒技红付荤雀堡林3摸痢,堡林堡开矫 悼备 拌覆悼 293-4,35.1573041,126.9187464
GS25,堡林堡开矫 合备 老邦悼 849-2,35.2070617,126.8966815
舅府官捞,堡林堡开矫 合备 伙阿悼 409-3,35.2061627,126.9032364
内府酒技红堡林,堡林堡开矫 合备 面瓤悼 443-1,35.1837206,127.0010846
内府酒技红堡林岿拌,堡林堡开矫 堡魂备 岿拌悼 767-3,35.2132807,126.8411332
技红老饭红,堡林堡开矫 辑备 摹乞悼 1220-1,35.1549934,126.8527406
CU,堡林堡开矫 堡魂备 急鞠悼 624,35.1467356,126.775789
固聪胶砰陛悼固贰痢,堡林堡开矫 悼备 陛悼 185-1,35.1421823,126.9192258
GS25,堡林堡开矫 合备 积侩悼 127-2,35.2220012,126.8903009
内府酒技红堡林惑公,堡林堡开矫 辑备 摹乞悼 1220-1,35.1549934,126.8527406
GS25,堡林堡开矫 悼备 堡魂悼 56,35.1456143,126.9189657
焙拌绒霸家祈狼痢,堡林堡开矫 堡魂备 脚啊悼 1034,35.18951,126.8359475
CU,堡林堡开矫 堡魂备 街鞠悼 660-6,35.2191379,126.8434369
技红老饭红,堡林堡开矫 合备 夯锰悼 3102,35.2188574,126.8822704
GS25,堡林堡开矫 辑备 摹乞悼 573-1,35.1475629,126.8381387
CU,堡林堡开矫 堡魂备 款巢悼 782-1,35.1778311,126.8167111
GS25,堡林堡开矫 辑备 街锰悼 904,35.142645,126.8551644
CU,堡林堡开矫 合备 巩蕊悼 787-5,35.1797898,126.9161343
内府酒技红堡林浅鞠海聪胶痢,堡林堡开矫 辑备 浅鞠悼 1171,35.1264211,126.8841611
固聪胶砰,堡林堡开矫 堡魂备 街鞠悼 694-58,35.2143296,126.8512688
揪蜡烹,堡林堡开矫 堡魂备 岿邦悼 598-5,35.1681795,126.8133491
内府酒技红堡林傈措摹措痢,堡林堡开矫 合备 脚救悼 475-3,35.1714164,126.9013823
技红老饭红,堡林堡开矫 辑备 陛龋悼 738-1,35.1390548,126.857834
内府酒技红堡林切悼档匡痢,堡林堡开矫 悼备 切悼 735-16,35.1327573,126.9300733
内府酒技红堡林,堡林堡开矫 合备 巩蕊悼 956-13,35.1869867,126.9208573
内府酒技红堡林侩豪快摹痢,堡林堡开矫 合备 侩豪悼 20-18,35.180765,126.912269
技红老饭红,堡林堡开矫 堡魂备 岿拌悼 864-1,35.2073997,126.8413659
GS25,堡林堡开矫 合备 坷摹悼 776-14,35.186821,126.9019308
内府酒技红堡林概邦辑堡痢辑堡痢,堡林堡开矫 合备 概邦悼 290,35.1911812,126.8896925
技红老饭红,堡林堡开矫 辑备 街锰悼 1252,35.1412432,126.8581614
CU,堡林堡开矫 堡魂备 快魂悼 1599-1,35.1606608,126.8076166
固聪胶砰,堡林堡开矫 堡魂备 款巢悼 786-11,35.1742028,126.8144348
GS25,堡林堡开矫 辑备 陛龋悼 838-10,35.1230947,126.8595818
揪蜡鸥捞,堡林堡开矫 巢备 畴措悼 848,35.1063229,126.904631
困靛固,堡林堡开矫 巢备 归款悼 631-24,35.1340482,126.9049884
内府酒技红堡林措牢眠急痢,堡林堡开矫 悼备 措牢悼 163,35.1518265,126.9168884
CU,堡林堡开矫 合备 款鞠悼 1063-5,35.1824759,126.8703937
技红老饭红,堡林堡开矫 合备 悼覆悼 44-35,35.1859976,126.864478
GS25,堡林堡开矫 堡魂备 厘傣悼 1550,35.189159,126.8111872
内府酒技红堡林街锰鳃啪痢,堡林堡开矫 辑备 街锰悼 1374-4,35.1556887,126.8649291
CU,堡林堡开矫 堡魂备 脚芒悼 1232-16,35.1929742,126.837919
CU,堡林堡开矫 堡魂备 街鞠悼 688-2,35.2213509,126.8511942
CU,堡林堡开矫 悼备 切悼 262-1,35.1338356,126.9381863
固聪胶砰,堡林堡开矫 合备 烙悼 316,35.1684289,126.8882828
技红老饭红,堡林堡开矫 巢备 林岿悼 700,35.1388888,126.888324
力捞揪蜡胶瓶,堡林堡开矫 堡魂备 侩悼 672-4,35.1308533,126.7554473
内府酒技红堡林荐肯,堡林堡开矫 堡魂备 脚啊悼 1306,35.1809686,126.8153151
巩拳抗贱雀包备郴概痢,堡林堡开矫 合备 款鞠悼 328-16,35.1777508,126.8811249
固聪胶砰窍巢快魂悼,堡林堡开矫 堡魂备 快魂悼 1065-1,35.1545531,126.8148197
内府酒技红堡林脚啊急芒痢,堡林堡开矫 堡魂备 脚啊悼 1041-1,35.1884193,126.8354281
固聪胶砰,堡林堡开矫 堡魂备 急鞠悼 540,35.1463916,126.7795147
CU,堡林堡开矫 辑备 悼玫悼 623,35.1714713,126.8681862
Buy,堡林堡开矫 堡魂备 厘傣悼 1608,35.1904073,126.81451
舅府官捞,堡林堡开矫 辑备 拳沥悼 332-18,35.1469374,126.8726191
CU,堡林堡开矫 悼备 辑籍悼 435-9,35.1443945,126.9255405
CU,堡林堡开矫 合备 侩豪悼 155-28,35.1766736,126.9155668
固聪胶砰梅窜巩拳痢,堡林堡开矫 堡魂备 岿拌悼 885-1,35.2151583,126.8463728
CU,堡林堡开矫 合备 老邦悼 817-2,35.2119091,126.8998981
固聪胶砰,堡林堡开矫 辑备 街锰悼 970-15,35.1508703,126.8570338
技红老饭红堡林柳邦痢,堡林堡开矫 堡魂备 柳邦悼 559,35.2091077,126.7854319
GS25,堡林堡开矫 合备 侩豪悼 692-12,35.1724372,126.897533
技红老饭红堡林蜡悼楷滴痢,堡林堡开矫 合备 蜡悼 6-36,35.1589196,126.9073176
技红老饭红,堡林堡开矫 合备 滴鞠悼 351-3,35.1663788,126.9340278
捞付飘24堡林啊肺荐痢,堡林堡开矫 悼备 堡魂悼 77-3,35.1465573,126.9183853
GS25,堡林堡开矫 堡魂备 窍巢悼 624,35.1777813,126.799327
捞付飘,堡林堡开矫 辑备 概岿悼 946,35.1177358,126.8602395
技红老饭红,堡林堡开矫 辑备 街锰悼 969-4,35.1515951,126.858196
GS25,堡林堡开矫 合备 悼覆悼 1149-2,35.1872866,126.8657069
捻官窍快胶祈狼痢,堡林堡开矫 合备 坷锋悼 1-6,35.2297375,126.8499425
CU,堡林堡开矫 堡魂备 快魂悼 1610-2,35.1603523,126.8021022
CU梅窜吝鞠痢,堡林堡开矫 堡魂备 街鞠悼 694-1,35.2172702,126.8489586
CU,堡林堡开矫 巢备 柳岿悼 500-14,35.1122352,126.8987053
GS,堡林堡开矫 合备 款鞠悼 130-1,35.1755031,126.8868544
GS25,堡林堡开矫 辑备 浅鞠悼 1187,35.1260796,126.8829157
GS25,堡林堡开矫 合备 阿拳悼 505-9,35.1803574,126.9307729
CU,堡林堡开矫 辑备 街锰悼 964-49,35.1516445,126.8642638
技红老饭红堡林款鞠绊啊,堡林堡开矫 合备 款鞠悼 489-13,35.1732379,126.885285
GS25,堡林堡开矫 堡魂备 脚啊悼 984-20,35.1860603,126.8355528
GS25,堡林堡开矫 合备 滴鞠悼 569-3,35.1771358,126.9292367
技红老饭红,堡林堡开矫 巢备 岿魂悼 1003-62,35.1417767,126.8907493
gs25,堡林堡开矫 堡魂备 脚芒悼 1227-1,35.1925113,126.8389199
脚啊付飘唱甸啊霸,堡林堡开矫 堡魂备 脚啊悼 874-2,35.1818779,126.8267145
技红老饭红,堡林堡开矫 辑备 街锰悼 986-2,35.1508397,126.8643637
GS25,堡林堡开矫 合备 侩滴悼 306,35.2126568,126.8739883
固聪胶砰,堡林堡开矫 合备 老邦悼 828-6,35.2047143,126.8991159
棵歹傀捞24矫付飘,堡林堡开矫 悼备 陛悼 185-5,35.1420977,126.9192497
单呼宏扼款,堡林堡开矫 堡魂备 岿邦悼 679-12,35.1794623,126.8108909
GS25,堡林堡开矫 合备 浅氢悼 602-1,35.1665749,126.9198896
GS25,堡林堡开矫 合备 剧魂悼 796,35.209235,126.8745979
技红老饭红,堡林堡开矫 辑备 陛龋悼 770-1,35.1335157,126.8634149
固24公牢祈狼痢,堡林堡开矫 巢备 烙鞠悼 728,35.1018812,126.8714973
GS25,堡林堡开矫 辑备 陛龋悼 922-16,35.1260176,126.8528738
技红老饭红,堡林堡开矫 堡魂备 厚酒悼 712-1,35.2211446,126.8213857
GS25,堡林堡开矫 合备 侩滴悼 1096,35.2137367,126.8780173
CU,堡林堡开矫 辑备 蜡锰悼 820-85,35.1658222,126.8480042
技红老饭红,堡林堡开矫 堡魂备 快魂悼 1047-1,35.1557655,126.8105011
困靛固傈巢措惑措痢,堡林堡开矫 合备 侩豪悼 1251-16,35.1776728,126.9008935
酱欺单捞365付飘,堡林堡开矫 堡魂备 魂岿悼 886-2,35.207701,126.8459613
内府酒技红堡林脚,堡林堡开矫 堡魂备 坷急悼 254-6,35.2018184,126.7945838
急柳俊胶揪骏e-mart24惑公急柳痢,堡林堡开矫 辑备 摹乞悼 1320-6,35.1458413,126.8455395
技红老饭红,堡林堡开矫 合备 阿拳悼 587,35.1806323,126.9396884
CU,堡林堡开矫 悼备 郴巢悼 902,35.0912825,126.9406039
固聪胶砰,堡林堡开矫 堡魂备 柳邦悼 526,35.2100717,126.7833879
GS25,堡林堡开矫 辑备 蜡锰悼 844,35.1646339,126.8573193
GS25,堡林堡开矫 合备 巩蕊悼 1010-1,35.1847948,126.9191841
CU,堡林堡开矫 悼备 厘悼 103-14,35.1472131,126.9221052
巢何措切背惫力荐康厘祈狼痢,堡林堡开矫 堡魂备 岿拌悼 864-1,35.2073997,126.8413659
CU,堡林堡开矫 巢备 烙鞠悼 728,35.1018812,126.8714973
固聪胶砰,堡林堡开矫 合备 滴鞠悼 288-7,35.1639855,126.9340129
固聪胶砰,堡林堡开矫 悼备 措牢悼 175-1,35.1524374,126.9161954
CU,堡林堡开矫 堡魂备 魂沥悼 1023,35.1748364,126.7987676
捞付飘,堡林堡开矫 堡魂备 岿拌悼 776-6,35.2122681,126.8347782
捞付飘,堡林堡开矫 辑备 悼玫悼 529,35.169862,126.8622577
固聪胶砰,堡林堡开矫 辑备 摹乞悼 1171-6,35.1486049,126.8458284
CU,堡林堡开矫 堡魂备 厚酒悼 682-3,35.2229079,126.8226784
捞付飘,堡林堡开矫 悼备 辑籍悼 375,35.1423617,126.9342164
CU,堡林堡开矫 堡魂备 厘傣悼 992-9,35.1892347,126.809022
舅府官捞,堡林堡开矫 堡魂备 家锰悼 756-18,35.1609115,126.7882778
内府酒技红堡林滴鞠力痢,堡林堡开矫 合备 滴鞠悼 840-14,35.1747865,126.9269094
CU,堡林堡开矫 堡魂备 街鞠悼 665-5,35.2208697,126.8446659
技红老饭红,堡林堡开矫 堡魂备 脚芒悼 1126-3,35.1967055,126.8378311
厚瘤俊橇府抛老付犁,堡林堡开矫 辑备 陛龋悼 787,35.1314464,126.8619298
固聪胶砰,堡林堡开矫 辑备 浅鞠悼 1063,35.1204374,126.8834975
GS25,堡林堡开矫 悼备 悼疙悼 100-9,35.1485256,126.9290137
臂肺国窍快胶,堡林堡开矫 悼备 辑籍悼 375,35.1423617,126.9342164
内府酒技红堡林浅鞠2龋,堡林堡开矫 辑备 浅鞠悼 1111-6,35.1254588,126.8783233
GS25,堡林堡开矫 巢备 岿魂悼 948-12,35.1458504,126.8912677
固聪胶砰,堡林堡开矫 堡魂备 厘傣悼 1044,35.1993202,126.811786
固聪胶砰,堡林堡开矫 合备 侩豪悼 9-16,35.1819688,126.9135937
技红老饭红,堡林堡开矫 合备 快魂悼 4-6,35.1777813,126.9277124
GS堡林,堡林堡开矫 悼备 岿巢悼 638,35.0993775,126.9388713
GS25,堡林堡开矫 堡魂备 款巢悼 387-34,35.1732605,126.8216411
CU,堡林堡开矫 堡魂备 魂沥悼 962-1,35.1695319,126.8032247
柳档没苞扒绢拱,堡林堡开矫 巢备 豪急悼 179-2,35.1275939,126.9181918
技红老饭红,堡林堡开矫 合备 侩豪悼 478-6,35.185969,126.8974355
固聪胶砰,堡林堡开矫 堡魂备 快魂悼 1574-6,35.1635181,126.8037424
GS25价沥档魂痢,堡林堡开矫 堡魂备 档魂悼 1291-6,35.1292153,126.7901443
CU,堡林堡开矫 辑备 街锰悼 1337-3,35.1596322,126.8606603
GS25,堡林堡开矫 合备 夯锰悼 2912,35.2159544,126.8778349
GS25,堡林堡开矫 辑备 摹乞悼 1258-5,35.149586,126.8511303
GS25,堡林堡开矫 巢备 豪急悼 984,35.1311637,126.9098683
技红老饭红,堡林堡开矫 堡魂备 岿邦悼 55-13,35.1685024,126.8093501
GS25侩豪鸥款痢,堡林堡开矫 合备 侩豪悼 1255-21,35.1774468,126.8992682
技红老饭红侩豪2龋痢,堡林堡开矫 合备 侩豪悼 1378-1,35.1790278,126.8948722
固聪胶砰,堡林堡开矫 辑备 陛龋悼 868,35.1234907,126.8580791
GS25S巢堡林开痢,堡林堡开矫 悼备 切悼 994,35.1397837,126.922494
焊堡妊固府付飘悼疙吝居,堡林堡开矫 悼备 悼疙悼 154-73,35.1490662,126.924966
固聪胶砰,堡林堡开矫 堡魂备 快魂悼 1063-9,35.1536803,126.8135093
技红老饭红,堡林堡开矫 堡魂备 魂沥悼 1119,35.1713243,126.8021979
GS25,堡林堡开矫 合备 坷锋悼 1110-43,35.2224411,126.8517016
GS25,堡林堡开矫 堡魂备 脚芒悼 1108-1,35.186723,126.8395576
GS25,堡林堡开矫 合备 坷锋悼 1114-9,35.2200139,126.8532009
CU惑公固聪痢,堡林堡开矫 辑备 摹乞悼 1181-2,35.1521229,126.8477846
CU,堡林堡开矫 巢备 剧覆悼 73-12,35.1377044,126.9173252
GS25,堡林堡开矫 合备 侩豪悼 693-16,35.1724172,126.8972934
GS25,堡林堡开矫 巢备 剧覆悼 506,35.1359634,126.9163752
GS25,堡林堡开矫 合备 老邦悼 817-5,35.2109199,126.8985291
固聪胶砰,堡林堡开矫 合备 老邦悼 841-4,35.2036689,126.8979581
CU,堡林堡开矫 合备 吝蕊悼 320-1,35.1722601,126.9067168
CU,堡林堡开矫 堡魂备 街鞠悼 695-1,35.2164428,126.8540155
CU,堡林堡开矫 堡魂备 岿邦悼 685-1,35.1736801,126.8105988
GS25,堡林堡开矫 合备 概邦悼 83-1,35.1908967,126.8916986
GS25,堡林堡开矫 悼备 瘤魂悼 510-12,35.1452661,126.9287519
CUL-PS,堡林堡开矫 堡魂备 岿拌悼 893-9,35.2138508,126.8478195
技红老饭红,堡林堡开矫 辑备 丑己悼 166-10,35.1512388,126.8895391
固聪胶砰,堡林堡开矫 合备 款鞠悼 116-3,35.1753986,126.8895969
GS25,堡林堡开矫 合备 老邦悼 814-3,35.2122358,126.896095
固聪胶砰,堡林堡开矫 堡魂备 苛悼 221-3,35.1245785,126.7609286
技红老饭红,堡林堡开矫 堡魂备 厘傣悼 1115,35.1969058,126.8167238
GS25,堡林堡开矫 合备 脚侩悼 772,35.2096837,126.8649495
快府付飘,堡林堡开矫 巢备 豪急悼 1010-1,35.1276492,126.9081521
GS25,堡林堡开矫 堡魂备 岿傈悼 1237,35.1222943,126.7689525
技红老饭红,堡林堡开矫 堡魂备 价沥悼 1003-189,35.1377535,126.7920089
固聪胶砰,堡林堡开矫 巢备 傣巢悼 113,35.0941562,126.8962111
局令溃,堡林堡开矫 合备 老邦悼 828-2,35.2053706,126.8990581
GS25,堡林堡开矫 堡魂备 魂沥悼 917-8,35.1730628,126.8040906
逞滚盔乔教讥,堡林堡开矫 堡魂备 坷急悼 621,35.2019584,126.7889777
CU,堡林堡开矫 堡魂备 厚酒悼 626-2,35.2213145,126.8300738
GS25,堡林堡开矫 巢备 豪急悼 235-3,35.1278308,126.9131188
固贰祈狼痢,堡林堡开矫 堡魂备 款巢悼 456-112,35.175688,126.8180974
捞付飘,堡林堡开矫 堡魂备 岿拌悼 869-2,35.2172126,126.8468217
棵付飘,堡林堡开矫 合备 悼覆悼 1146-1,35.1917252,126.866477
固聪胶砰,堡林堡开矫 堡魂备 快魂悼 1586-4,35.1629513,126.8091345
GS25,堡林堡开矫 辑备 摹乞悼 1203-1,35.1575212,126.8508917
技红老饭红,堡林堡开矫 巢备 剧覆悼 264,35.1366898,126.912084
GS25,堡林堡开矫 堡魂备 脚锰悼 698-9,35.1402338,126.8100974
内府酒技红堡林款鞠,堡林堡开矫 合备 款鞠悼 110-43,35.1731318,126.8895004
Y-MART积劝傍皑剧魂痢,堡林堡开矫 合备 侩滴悼 311-8,35.2121833,126.8701845
舅府官捞,堡林堡开矫 合备 剧魂悼 851,35.2104325,126.8780171
24矫祈狼痢,堡林堡开矫 悼备 切悼 664-10,35.133563,126.9284428
固聪胶砰,堡林堡开矫 悼备 泵悼 55-2,35.1497328,126.9175168
GS25林岿俊捞胶痢,堡林堡开矫 巢备 林岿悼 971-6,35.1327572,126.8952615
CU,堡林堡开矫 合备 款鞠悼 479-30,35.1760409,126.8846776
GS25,堡林堡开矫 堡魂备 档魂悼 1294-10,35.1286109,126.7907808
固聪胶砰,堡林堡开矫 堡魂备 侩悼 143-1,35.1295263,126.755728
固聪胶砰家锰葛酒痢,堡林堡开矫 堡魂备 家锰悼 290-41,35.1520836,126.794921
BKMART柳岿痢,堡林堡开矫 巢备 柳岿悼 438,35.117142,126.8995069
技红老饭宏,堡林堡开矫 堡魂备 岿拌悼 827-1,35.2130608,126.8419804
24矫祈狼痢,堡林堡开矫 巢备 豪急悼 127-15,35.1243252,126.915185
CU,堡林堡开矫 悼备 切悼 734-2,35.1325286,126.9313419
GS25,堡林堡开矫 合备 剧魂悼 808,35.2107294,126.876167
固聪胶砰,堡林堡开矫 悼备 岿巢悼 620,35.1040255,126.9374762
CU,堡林堡开矫 合备 侩豪悼 1197-1,35.1818805,126.9087288
CU,堡林堡开矫 合备 概邦悼 42-5,35.1889442,126.8941217
CU,堡林堡开矫 巢备 柳岿悼 365-3,35.1204969,126.8952903
CU,堡林堡开矫 堡魂备 魂岿悼 885-1,35.2106217,126.8442608
CU,堡林堡开矫 合备 楷力悼 1007,35.1961551,126.8716144
技红老饭红,堡林堡开矫 辑备 街锰悼 1227-8,35.1464785,126.8660108
GS25,堡林堡开矫 合备 剧魂悼 1035-1,35.2082166,126.8796349
GS25,堡林堡开矫 堡魂备 快魂悼 1578-6,35.163614,126.8060045
固聪胶砰,堡林堡开矫 合备 面瓤悼 892-4,35.1835069,127.0001341
技红老饭红,堡林堡开矫 合备 脚侩悼 860,35.2067585,126.8651627
技红老饭红,堡林堡开矫 巢备 豪急悼 494,35.1239334,126.9095259
CU,堡林堡开矫 辑备 浅鞠悼 1127,35.1238802,126.8799897
CU,堡林堡开矫 辑备 概岿悼 622-8,35.1138721,126.854603
GS25,堡林堡开矫 巢备 柳岿悼 330-23,35.1237386,126.8952572
捞付飘,堡林堡开矫 堡魂备 脚芒悼 1239-7,35.1947633,126.8381939
GS25,堡林堡开矫 辑备 拳沥悼 1612,35.1440969,126.8847584
GS25,堡林堡开矫 合备 款鞠悼 352-3,35.178604,126.8754761
技红老饭红,堡林堡开矫 堡魂备 魂沥悼 955-12,35.1705752,126.8043095
技红老饭红,堡林堡开矫 堡魂备 款巢悼 769-4,35.1781391,126.8204384
技红老饭红,堡林堡开矫 合备 坷摹悼 957-10,35.1872398,126.9085417
CU,堡林堡开矫 合备 巩蕊悼 1011-5,35.1828561,126.9224116
固聪胶砰,堡林堡开矫 堡魂备 魂沥悼 1146,35.1679037,126.7918938
CU,堡林堡开矫 堡魂备 档魂悼 1282-1,35.1307567,126.7902399
CU,堡林堡开矫 巢备 林岿悼 1320,35.1339331,126.8989618
捞付飘,堡林堡开矫 堡魂备 档魂悼 887-1,35.1325994,126.7952552
技红老饭红,堡林堡开矫 合备 款鞠悼 815,35.174957,126.8724342
技红老饭红,堡林堡开矫 堡魂备 岿拌悼 893-1,35.2144815,126.8478238
GS25,堡林堡开矫 合备 坷摹悼 943-13,35.1886719,126.9072903
固聪胶砰,堡林堡开矫 堡魂备 楷魂悼 1187,35.1136665,126.7549658
CU,堡林堡开矫 合备 悼覆悼 1161-1,35.1880414,126.8698062
捞付飘,堡林堡开矫 合备 快魂悼 616-6,35.177673,126.9244419
GS25,堡林堡开矫 悼备 拌覆悼 238,35.1571951,126.9225507
GS25,堡林堡开矫 合备 脚救悼 482-31,35.1709059,126.8977608
GS25,堡林堡开矫 合备 坷摹悼 946-1,35.1892447,126.9022386
CU,堡林堡开矫 堡魂备 价沥悼 817-8,35.137422,126.7949781
CU,堡林堡开矫 堡魂备 魂岿悼 883-2,35.2123066,126.8501039
捞付飘,堡林堡开矫 巢备 岿魂悼 974-1,35.1455736,126.8929874
饭阁厚,堡林堡开矫 悼备 切悼 71-3,35.1404741,126.9201823
单内福#,堡林堡开矫 巢备 林岿悼 974-273,35.1341719,126.8950895
CU,堡林堡开矫 堡魂备 脚啊悼 1034,35.18951,126.8359475
固聪胶砰,堡林堡开矫 巢备 瘤籍悼 207-5,35.0809218,126.8341354
GS25,堡林堡开矫 辑备 拳沥悼 811-14,35.1452715,126.8774353
内府酒技红堡林,堡林堡开矫 悼备 阂肺悼 157-1,35.1443757,126.9156453
技红老饭红,堡林堡开矫 堡魂备 厘傣悼 975-2,35.1963977,126.8080659
GS25,堡林堡开矫 堡魂备 款巢悼 794-3,35.1732532,126.8158169
GS25,堡林堡开矫 合备 坷摹悼 1007,35.1850359,126.9027632
GS25,堡林堡开矫 堡魂备 脚芒悼 1136-1,35.1960356,126.8404338
舅府官捞柳岿痢,堡林堡开矫 巢备 柳岿悼 422,35.1175215,126.8982175
技红老饭红,堡林堡开矫 堡魂备 脚芒悼 468-1,35.1925686,126.8469302
GS25,堡林堡开矫 辑备 摹乞悼 1221-2,35.1543408,126.8532517
权傀捞,堡林堡开矫 合备 脚救悼 127-1,35.166846,126.9028892
技红老饭红,堡林堡开矫 辑备 堡玫悼 49-1,35.1603093,126.8801306
SEAMANSCUBA,堡林堡开矫 辑备 浅鞠悼 1070-1,35.1232552,126.8839043
GS25,堡林堡开矫 合备 侩豪悼 9-16,35.1819688,126.9135937
GS25,堡林堡开矫 悼备 瘤魂悼 461-7,35.147268,126.9318335
酒鸟,堡林堡开矫 合备 剧魂悼 254-91,35.2089509,126.873081
CU,堡林堡开矫 合备 滴鞠悼 871-15,35.1692029,126.9309154
祈狼痢,堡林堡开矫 辑备 浅鞠悼 1088-3,35.1224346,126.8820544
技红老饭红,堡林堡开矫 悼备 瘤魂悼 714-43,35.150876,126.9329762
技红老饭红,堡林堡开矫 巢备 柳岿悼 500-14,35.1122352,126.8987053
固聪胶砰,堡林堡开矫 巢备 归款悼 691,35.1419463,126.9041483
GS25剧魂龋荐痢,堡林堡开矫 合备 剧魂悼 284-26,35.2046797,126.8724764
CU,堡林堡开矫 合备 款鞠悼 1051-10,35.1824504,126.8727918
GS25,堡林堡开矫 辑备 拳沥悼 1701,35.1492117,126.8773902
困靛固,堡林堡开矫 堡魂备 脚啊悼 978-1,35.1864671,126.8352943
CU,堡林堡开矫 堡魂备 急鞠悼 768,35.1485095,126.7701086
GS25,堡林堡开矫 合备 侩豪悼 914,35.183394,126.8928742
技红老饭红,堡林堡开矫 辑备 摹乞悼 1171-4,35.1506261,126.8458227
GS25,堡林堡开矫 辑备 街锰悼 968-1,35.1515432,126.8592255
CU,堡林堡开矫 悼备 魂荐悼 541-1,35.1582295,126.9308968
FOCUS,堡林堡开矫 合备 巩蕊悼 787-8,35.1812727,126.9152353
饭阁祈狼痢,堡林堡开矫 巢备 林岿悼 974-304,35.1341151,126.8957915
技红老饭红,堡林堡开矫 合备 伙阿悼 772-13,35.2020119,126.8972471
炔陛付飘祈狼痢,堡林堡开矫 堡魂备 脚锰悼 1087-36,35.1438173,126.7997094
春胶内付飘,堡林堡开矫 合备 滴鞠悼 100,35.1726538,126.9381468
GS25,堡林堡开矫 巢备 柳岿悼 267,35.1202478,126.8973463
GS25,堡林堡开矫 合备 滴鞠悼 875-21,35.1700206,126.92722
固聪胶砰,堡林堡开矫 辑备 街锰悼 1331-1,35.1606324,126.8589484
固聪胶砰,堡林堡开矫 堡魂备 厘傣悼 1049,35.1968933,126.8144977
CU,堡林堡开矫 堡魂备 档玫悼 295-19,35.2100182,126.8174176
棵歹傀捞吝蕊痢,堡林堡开矫 合备 吝蕊悼 278-27,35.1735508,126.9144135
CU,堡林堡开矫 巢备 林岿悼 968-42,35.1322255,126.8965956
GS25,堡林堡开矫 悼备 厘悼 84-6,35.1482959,126.9243545
GS25脚救吝居,堡林堡开矫 合备 脚救悼 134-9,35.1652237,126.9023231
固聪胶砰,堡林堡开矫 堡魂备 家锰悼 12-9,35.1515828,126.8054857
Ciga25,堡林堡开矫 合备 滴鞠悼 566-2,35.179371,126.9292382
秦乔24矫祈狼痢,堡林堡开矫 合备 剧魂悼 296,35.204512,126.8738825
GS祈狼痢堡林,堡林堡开矫 悼备 陛悼 48-1,35.143978,126.9156556
固聪胶砰快魂吝居痢,堡林堡开矫 堡魂备 快魂悼 1131,35.1574512,126.8123385
技红老饭红,堡林堡开矫 辑备 丑己悼 642-25,35.1514065,126.8884258
GS25,堡林堡开矫 合备 坷摹悼 1028-15,35.1872049,126.9169442
GS25,堡林堡开矫 堡魂备 价锰悼 276-16,35.1377036,126.7741645
技红老饭红,堡林堡开矫 堡魂备 脚啊悼 1225,35.181698,126.8188397
颊吗户祈狼痢父滴,堡林堡开矫 堡魂备 窍魂悼 139-32,35.0976209,126.7741868
固聪胶砰炼急措捍盔脚包痢,堡林堡开矫 悼备 切悼 30-1,35.1390371,126.9256981
固聪胶砰,堡林堡开矫 堡魂备 坷急悼 273-2,35.2019712,126.8038068
技红老饭红,堡林堡开矫 堡魂备 孺籍悼 524,35.1823063,126.8111385
技红老饭红,堡林堡开矫 合备 脚救悼 818,35.1718283,126.8957694
捞付飘,堡林堡开矫 悼备 拌覆悼 215-2,35.1563116,126.9236949
技红老饭红,堡林堡开矫 合备 侩豪悼 1488,35.1866223,126.8912473
CU,堡林堡开矫 辑备 浅鞠悼 1057,35.1204782,126.8787336
CU,堡林堡开矫 巢备 青鞠悼 530,35.0997031,126.8804551
GS25,堡林堡开矫 辑备 拳沥悼 858-3,35.1373534,126.8757153
瘤俊胶堡林魂沥檬痢,堡林堡开矫 堡魂备 魂沥悼 1110,35.1707548,126.7999013
揪胶其捞胶,堡林堡开矫 堡魂备 档魂悼 1146-1,35.1285479,126.7921244
GS25,堡林堡开矫 堡魂备 岿拌悼 755-4,35.218914,126.8312105
CU,堡林堡开矫 巢备 豪急悼 490-1,35.1225102,126.9093752
脚备港啊霸24,堡林堡开矫 辑备 悼玫悼 516,35.1696702,126.8603658
堡林公殿,堡林堡开矫 合备 烙悼 153-6,35.167312,126.8915468
技红老饭红,堡林堡开矫 悼备 阂肺悼 157-1,35.1443757,126.9156453
CU,堡林堡开矫 合备 夯锰悼 320,35.2184401,126.8811562
捞付飘,堡林堡开矫 巢备 瘤籍悼 444,35.0839816,126.8328843
CU,堡林堡开矫 合备 楷力悼 217,35.1950609,126.8685466
技红老饭红,堡林堡开矫 悼备 陛巢肺4啊 79-1,35.150373,126.9143555
技红老饭红,堡林堡开矫 辑备 丑己悼 671-3,35.1515731,126.8816211
技红老饭红,堡林堡开矫 堡魂备 伙芭悼 840,35.1661159,126.672496
技红老饭红,堡林堡开矫 合备 吝蕊悼 342-4,35.1698484,126.908396
GS25,堡林堡开矫 堡魂备 荐肯悼 905,35.2018825,126.82086
CU,堡林堡开矫 巢备 豪急悼 34-3,35.1224539,126.9198242
GS25,堡林堡开矫 巢备 岿魂悼 282-4,35.151179,126.8973483
CU,堡林堡开矫 合备 吝蕊悼 272-6,35.1738667,126.9163349
技红老饭红,堡林堡开矫 堡魂备 快魂悼 1038-4,35.1558783,126.8151634
GS25,堡林堡开矫 堡魂备 孺籍悼 170,35.1827294,126.8064382
CU,堡林堡开矫 巢备 备悼 1-21,35.1485943,126.9088193
CU,堡林堡开矫 堡魂备 岿拌悼 765-8,35.2155732,126.8390655
CU,堡林堡开矫 堡魂备 价沥悼 965-1,35.1347596,126.7914647
客捞绢胶祈狼痢,堡林堡开矫 合备 坷锋悼 1110-43,35.2224411,126.8517016
GS25,堡林堡开矫 巢备 柳岿悼 571-5,35.1082347,126.8972814
捞付飘,堡林堡开矫 辑备 摹乞悼 1255-19,35.1491413,126.8493956
技红老饭红,堡林堡开矫 合备 坷锋悼 1110-43,35.2224411,126.8517016
GS25,堡林堡开矫 合备 吝蕊悼 148,35.170999,126.9151638
CU,堡林堡开矫 合备 款鞠悼 69,35.1747738,126.8789511
GS25,堡林堡开矫 巢备 林岿悼 1320,35.1339331,126.8989618
GS25,堡林堡开矫 悼备 拌覆悼 100-11,35.163789,126.9202412
GS25,堡林堡开矫 堡魂备 街鞠悼 694-106,35.2140868,126.8517089
固聪胶砰,堡林堡开矫 堡魂备 柳邦悼 502,35.2085387,126.7817052
瘤俊胶,堡林堡开矫 辑备 浅鞠悼 1003,35.124968,126.8687818
棵唱勒24,堡林堡开矫 辑备 浅鞠悼 1123-4,35.1256291,126.880185
CU,堡林堡开矫 合备 巩蕊悼 949-9,35.1875041,126.9198013
技红老饭红,堡林堡开矫 巢备 豪急悼 1130-4,35.1336515,126.9103449
棵哩吩单荐肯酒匡房痢,堡林堡开矫 堡魂备 厘傣悼 1678,35.1891968,126.8193677
牟榜内府酒NC傀捞宏堡林痢,堡林堡开矫 悼备 面厘肺4啊 29-2,35.1487762,126.9130789
技红老饭红,堡林堡开矫 合备 侩豪悼 1035,35.1813067,126.889053
GS25,堡林堡开矫 堡魂备 脚锰悼 682-65,35.1444201,126.8108663
技红老饭红,堡林堡开矫 合备 坷摹悼 872-1,35.1871105,126.8996429
瘤俊胶25炼措饶巩,堡林堡开矫 悼备 瘤魂悼 510-12,35.1452661,126.9287519
CU,堡林堡开矫 合备 侩滴悼 267-14,35.2155979,126.8760868
GS25,堡林堡开矫 合备 脚救悼 228-1,35.1706677,126.895882
固聪胶砰,堡林堡开矫 合备 脚侩悼 624-14,35.2095915,126.8679854
CU,堡林堡开矫 堡魂备 厘傣悼 1646,35.189836,126.8165713
GS25,堡林堡开矫 悼备 款覆悼 379-1,35.1343151,126.9552936
CU颇林辑康措切背痢,堡林堡开矫 巢备 豪急悼 170,35.1264726,126.9159164
困靛固价沥歧腐胶痢价沥歧腐胶痢,堡林堡开矫 堡魂备 价沥悼 763-11,35.1405878,126.7977878
GS25,堡林堡开矫 合备 滴鞠悼 968-1,35.1640015,126.9357774
CU,堡林堡开矫 巢备 柳岿悼 413-16,35.1180058,126.8978795
CU,堡林堡开矫 合备 概邦悼 468-2,35.1882142,126.8985602
GS25,堡林堡开矫 悼备 拌覆悼 556-7,35.1626627,126.9182536
GS25,堡林堡开矫 堡魂备 岿拌悼 893-9,35.2138508,126.8478195
CU,堡林堡开矫 堡魂备 荐肯悼 1587,35.1861481,126.8310372
内府酒技红侩豪3龋,堡林堡开矫 合备 侩豪悼 1224-5,35.1815553,126.9011517
GS25,堡林堡开矫 堡魂备 价沥悼 840-2,35.1386928,126.7934742
GS25,堡林堡开矫 悼备 辑籍悼 375,35.1423617,126.9342164
倾浆颇乔,堡林堡开矫 堡魂备 窍巢悼 831,35.1779509,126.8054079
CU,堡林堡开矫 合备 款鞠悼 969-4,35.1790357,126.8715215
技红老饭红,堡林堡开矫 合备 滴鞠悼 565-2,35.1789532,126.9284344
GS25,堡林堡开矫 合备 快魂悼 4-3,35.1780955,126.9279378
SMART,堡林堡开矫 合备 概邦悼 280-1,35.1917585,126.8914375
GS25,堡林堡开矫 堡魂备 脚芒悼 1250-9,35.195293,126.8358507
CU,堡林堡开矫 堡魂备 厚酒悼 694-5,35.2210876,126.819284
弊赴24祈狼痢,堡林堡开矫 辑备 丑己悼 32-27,35.1554957,126.8917993
困靛固堡林榜靛痢,堡林堡开矫 辑备 丑己悼 417-18,35.1598447,126.8845309
技红老饭红,堡林堡开矫 合备 侩豪悼 156-13,35.1766001,126.9143552
内府酒技红款鞠5龋痢,堡林堡开矫 合备 款鞠悼 936-9,35.1783957,126.8743593
GS25,堡林堡开矫 辑备 陛龋悼 240-2,35.1299955,126.8527788
技红老饭红,堡林堡开矫 悼备 拌覆悼 844,35.1621327,126.916204
伙劳酱欺,堡林堡开矫 合备 悼覆悼 645,35.1778158,126.8621966
技红老饭红,堡林堡开矫 辑备 街锰悼 968-1,35.1515432,126.8592255
GS25,堡林堡开矫 合备 老邦悼 829-1,35.204938,126.8986816
困靛固,堡林堡开矫 巢备 青鞠悼 692,35.1027487,126.8983059
技红老饭红,堡林堡开矫 悼备 切悼 728-3,35.1320012,126.9341477
揪力捞棵府宏匙飘亏胶堡林,堡林堡开矫 悼备 面厘肺4啊 29-2,35.1487762,126.9130789
GS25,堡林堡开矫 合备 侩豪悼 1150-1,35.1823972,126.901647
技红老饭红,堡林堡开矫 悼备 堡魂悼 13,35.1464409,126.9198892
GS25,堡林堡开矫 巢备 豪急悼 114-2,35.1234328,126.9128993
固聪胶砰巩拳傈寸痢,堡林堡开矫 悼备 陛巢肺1啊 19-8,35.147784,126.9184749
GS25,堡林堡开矫 合备 楷力悼 1116,35.2024978,126.8684849
GS25,堡林堡开矫 巢备 林岿悼 458-3,35.1296779,126.8920732
GS25,堡林堡开矫 合备 坷摹悼 866-1,35.1851703,126.9050337
STORYWAY,堡林堡开矫 堡魂备 价沥悼 1003-1,35.137598,126.790946
GS25,堡林堡开矫 堡魂备 街鞠悼 666-4,35.2203204,126.8453904
技红,堡林堡开矫 巢备 柳岿悼 513-1,35.1152735,126.8973326
技红老饭红,堡林堡开矫 辑备 摹乞悼 1202-2,35.1574391,126.8490642
技红老饭红,堡林堡开矫 堡魂备 魂岿悼 885-3,35.2095962,126.8462394
GS25,堡林堡开矫 堡魂备 岿拌悼 821-10,35.2119827,126.8397092
技红老饭红,堡林堡开矫 合备 楷力悼 1061,35.2002021,126.8630961
GS25荐肯盔冯痢,堡林堡开矫 堡魂备 荐肯悼 1600,35.1884722,126.8312915
CU,堡林堡开矫 悼备 拌覆悼 1815,35.157428,126.9245892
GS25,堡林堡开矫 合备 侩豪悼 999,35.1858385,126.8902429
OK付飘,堡林堡开矫 合备 剧魂悼 610-17,35.1980444,126.8759334
固聪胶砰,堡林堡开矫 合备 坷锋悼 1110-39,35.2257304,126.8521573
CU,堡林堡开矫 悼备 切悼 1022,35.1374153,126.9229719
GS25,堡林堡开矫 辑备 拳沥悼 896-1,35.1459336,126.8712417
GS25价沥唱厚痢,堡林堡开矫 堡魂备 价沥悼 589-5,35.140485,126.8011909
固聪胶砰款鞠抗氢痢,堡林堡开矫 合备 款鞠悼 412-1,35.1714844,126.8825571
困靛固堡林岿魂痢,堡林堡开矫 巢备 岿魂悼 946-15,35.1460556,126.8921265
CU,堡林堡开矫 辑备 摹乞悼 1222-3,35.1540646,126.8538862
GS25,堡林堡开矫 合备 坷摹悼 1022-8,35.1875277,126.9131316
CU,堡林堡开矫 堡魂备 孺籍悼 532,35.1816123,126.8091549
GS25,堡林堡开矫 堡魂备 脚芒悼 855-5,35.1799908,126.8382288
GS25,堡林堡开矫 悼备 切悼 1012,35.1308103,126.9277908
技红老饭红,堡林堡开矫 巢备 豪急悼 150-2,35.1257789,126.9162976
CU,堡林堡开矫 巢备 归款悼 644-28,35.135073,126.8992402
技红老饭红,堡林堡开矫 合备 概邦悼 373-15,35.187105,126.8895514
技红老饭红,堡林堡开矫 堡魂备 岿拌悼 790-2,35.210665,126.8349481
固聪胶砰,堡林堡开矫 悼备 瘤魂悼 713-13,35.1519216,126.9329395
GS25,堡林堡开矫 合备 款鞠悼 1038-1,35.1816963,126.871212
技红老饭红堡林侩豪快摹痢,堡林堡开矫 合备 侩豪悼 20-18,35.180765,126.912269
GS25面厘酒飘,堡林堡开矫 悼备 面厘肺4啊 14,35.1499459,126.9145225
技红老饭红堡林款鞠绊啊痢,堡林堡开矫 合备 款鞠悼 489-13,35.1732379,126.885285
CU,堡林堡开矫 合备 巩蕊悼 744-6,35.1757098,126.91823
固聪胶砰堡林楷力痢,堡林堡开矫 合备 楷力悼 36-1,35.198885,126.8713204
技红老饭红,堡林堡开矫 巢备 归款悼 213-14,35.1376328,126.9014101
坷坊瘤飘扼捞,堡林堡开矫 巢备 柳岿悼 288-1,35.1213859,126.8981724
内府酒技红堡林巩蕊,堡林堡开矫 合备 巩蕊悼 989-18,35.1879549,126.9252436
技红老饭红堡林脚啊技辆痢,堡林堡开矫 堡魂备 脚啊悼 1147,35.1854987,126.828213
内府酒技红堡林侩豪,堡林堡开矫 合备 侩豪悼 1198-1,35.1833668,126.9060822
内府酒技红堡林,堡林堡开矫 辑备 陛龋悼 752-1,35.135003,126.8584557
GIGA堡林弊赴墨柳蕊盔,堡林堡开矫 堡魂备 坷急悼 573,35.1946964,126.7890347
技红老饭红,堡林堡开矫 合备 剧魂悼 816-2,35.2103833,126.8770436
技红老饭红堡林柳岿措林痢,堡林堡开矫 巢备 柳岿悼 252-4,35.1204085,126.8991539
内府酒技红堡林脚啊海福鳃痢,堡林堡开矫 堡魂备 脚啊悼 1225,35.181698,126.8188397
祈狼痢荤尔,堡林堡开矫 合备 侩豪悼 157-29,35.1761518,126.9148521
CU,堡林堡开矫 辑备 浅鞠悼 895-19,35.1217601,126.8619878
技红老饭红,堡林堡开矫 辑备 摹乞悼 1250-1,35.1512749,126.849932
GS25,堡林堡开矫 堡魂备 岿拌悼 886-5,35.215648,126.8457305
技红老饭红,堡林堡开矫 堡魂备 厘傣悼 1677,35.1898876,126.8173164
GS25,堡林堡开矫 辑备 街锰悼 1319,35.1603046,126.8563249
技红老饭红,堡林堡开矫 堡魂备 街鞠悼 694-115,35.214902,126.849589
CU侩滴林傍痢,堡林堡开矫 合备 侩滴悼 268-12,35.2158048,126.8758481
GS25伙阿盔冯痢,堡林堡开矫 合备 伙阿悼 820-1,35.1993364,126.9017807
技红老饭红堡林侩豪肺痢,堡林堡开矫 合备 吝蕊悼 335-28,35.1727232,126.9102877
GS25,堡林堡开矫 堡魂备 岿拌悼 787-2,35.2100643,126.8338655
困靛固,堡林堡开矫 堡魂备 街鞠悼 694-35,35.2164704,126.8503422
内府酒技红堡林巩蕊陛龋痢,堡林堡开矫 合备 巩蕊悼 980-1,35.1890442,126.9261062
技红老饭红,堡林堡开矫 堡魂备 脚啊悼 1061,35.185846,126.8245279
固聪胶砰,堡林堡开矫 辑备 街锰悼 987-7,35.1503056,126.8624757
GS25,堡林堡开矫 合备 巩蕊悼 924-1,35.1799139,126.925311
CU荐肯秦乔痢,堡林堡开矫 堡魂备 荐肯悼 1225,35.1921785,126.8291879
困靛固堡林弊尔矫酒痢,堡林堡开矫 合备 款鞠悼 1059-4,35.1831326,126.8711482
技红老饭红堡林惑公捞促框痢,堡林堡开矫 辑备 摹乞悼 1259-4,35.1490707,126.8512952
CU,堡林堡开矫 辑备 悼玫悼 648,35.1696367,126.8685558
CU,堡林堡开矫 辑备 摹乞悼 1237-2,35.152365,126.8499298
GS25,堡林堡开矫 堡魂备 岿邦悼 685-1,35.1736801,126.8105988
GS25,堡林堡开矫 合备 侩豪悼 1238-25,35.1794929,126.9011059
技红老饭红堡林侩豪措林痢,堡林堡开矫 合备 侩豪悼 1075,35.1792329,126.889076
GS25,堡林堡开矫 堡魂备 脚芒悼 1152-10,35.1983733,126.8418607
困靛固堡林街锰痢,堡林堡开矫 辑备 街锰悼 294-3,35.1549512,126.869889
困靛固,堡林堡开矫 辑备 堡玫悼 49-1,35.1603093,126.8801306
技红老饭红,堡林堡开矫 堡魂备 岿拌悼 756-6,35.2203359,126.8327722
困靛固堡林拳沥痢,堡林堡开矫 辑备 拳沥悼 743-47,35.1525433,126.8764666
GS25,堡林堡开矫 辑备 街锰悼 252-4,35.1576516,126.8676559
困靛固,堡林堡开矫 巢备 豪急悼 156,35.1262295,126.9152366
困靛固傈措摹措痢,堡林堡开矫 合备 脚救悼 473-8,35.1714078,126.8998528
固聪胶砰,堡林堡开矫 堡魂备 街鞠悼 685-6,35.2191546,126.8489657
CU,堡林堡开矫 合备 脚侩悼 684,35.2087585,126.8631255
CU,堡林堡开矫 巢备 归款悼 653-1,35.1359212,126.8952661
固聪胶砰,堡林堡开矫 堡魂备 孺籍悼 585,35.1805614,126.8105201
快府蜡烹,堡林堡开矫 合备 合悼 233-3,35.1553264,126.9100419
GS25,堡林堡开矫 堡魂备 款荐悼 25-1,35.1512715,126.7862686
CU豪急陛龋痢,堡林堡开矫 巢备 豪急悼 518,35.1209656,126.909257
CU,堡林堡开矫 悼备 拌覆悼 898,35.1606303,126.9148186
GS25堡林鳃胶抛捞痢,堡林堡开矫 辑备 拳沥悼 618-3,35.146415,126.8843412
CU,堡林堡开矫 悼备 侩魂悼 662,35.1203007,126.9247487
CU,堡林堡开矫 合备 悼覆悼 1330,35.1801914,126.8603225
固聪胶砰老邦吝居痢,堡林堡开矫 合备 老邦悼 822-1,35.2058466,126.8992893
GS25,堡林堡开矫 合备 脚侩悼 679,35.2087521,126.8597537
技红老饭红,堡林堡开矫 巢备 豪急悼 538-4,35.1227625,126.911734
CU,堡林堡开矫 堡魂备 荐肯悼 926,35.1992515,126.8247114
CU,堡林堡开矫 堡魂备 魂沥悼 1042,35.1764414,126.8018443
GS25,堡林堡开矫 合备 侩豪悼 1097-10,35.1784678,126.8903452
歹摹胶配府墨其,堡林堡开矫 辑备 拳沥悼 334-22,35.1451654,126.874496
内府酒技红堡林扁刀捍盔痢,堡林堡开矫 巢备 剧覆悼 264,35.1366898,126.912084
固聪胶砰惑公,堡林堡开矫 辑备 摹乞悼 1198-5,35.1593197,126.8473683
GS25,堡林堡开矫 合备 侩滴悼 311-44,35.2111155,126.8705869
CU,堡林堡开矫 合备 剧魂悼 1047,35.2065924,126.8788231
CU,堡林堡开矫 辑备 摹乞悼 1230-3,35.1535579,126.8527321
CU,堡林堡开矫 堡魂备 魂沥悼 942-1,35.172214,126.804619
CU,堡林堡开矫 堡魂备 脚芒悼 508-24,35.1931621,126.8478052
技红老饭红,堡林堡开矫 堡魂备 款荐悼 25-1,35.1512715,126.7862686
技红老饭红,堡林堡开矫 辑备 丑己悼 32-27,35.1554957,126.8917993
乔揪蜡廉system,堡林堡开矫 合备 款鞠悼 96-2,35.1743647,126.8820545
技红老饭红,堡林堡开矫 合备 吝蕊悼 288-38,35.1720755,126.9199576
技红老饭红巩蕊捞龋,堡林堡开矫 合备 巩蕊悼 1011-6,35.1823855,126.9210734
CU,堡林堡开矫 合备 侩豪悼 1216-1,35.1820976,126.9025738
GS25,堡林堡开矫 悼备 悼疙悼 182-9,35.1524629,126.9244479
GS25,堡林堡开矫 悼备 陛巢肺5啊 154-1,35.1517659,126.9137254
固聪胶砰,堡林堡开矫 合备 夯锰悼 3016,35.2147903,126.8831281
CU,堡林堡开矫 巢备 畴措悼 871,35.1017652,126.9038398
舅府官捞,堡林堡开矫 堡魂备 窍巢悼 650,35.1762581,126.7985491
CU,堡林堡开矫 合备 侩豪悼 300,35.1769482,126.9045183
技红老饭红,堡林堡开矫 堡魂备 岿邦悼 683-8,35.1752843,126.8108305
GS,堡林堡开矫 辑备 街锰悼 949-2,35.1523541,126.8686993
CU,堡林堡开矫 悼备 悼疙悼 240-16,35.1531963,126.9194023
固聪胶砰岿拌力老痢,堡林堡开矫 堡魂备 岿拌悼 873-10,35.2166573,126.8457512
技红老饭红,堡林堡开矫 合备 楷力悼 478-40,35.2064421,126.8708181
CU,堡林堡开矫 堡魂备 岿拌悼 761-4,35.2163625,126.8306191
GS25,堡林堡开矫 合备 侩豪悼 1366-1,35.1804972,126.8956849
CU,堡林堡开矫 堡魂备 窍巢悼 820,35.1789207,126.8065147
捞荤矫伙腊坷叼揪付飘,堡林堡开矫 堡魂备 脚啊悼 876-23,35.1821551,126.824454
CU,堡林堡开矫 堡魂备 荐肯悼 1255,35.191907,126.8299336
CU,堡林堡开矫 辑备 陛龋悼 892,35.1251081,126.8550666
固聪胶砰,堡林堡开矫 巢备 柳岿悼 481-4,35.1159131,126.8989822
技红老饭红堡林梅窜皋啊痢,堡林堡开矫 堡魂备 街鞠悼 689-8,35.2203692,126.8526208
GS25,堡林堡开矫 合备 款鞠悼 1011,35.1795138,126.8687023
技红老饭红,堡林堡开矫 堡魂备 岿邦悼 560-10,35.1699685,126.8127188
GS25,堡林堡开矫 悼备 家怕悼 1103,35.1294899,126.9314118
弊赴365KDB痢,堡林堡开矫 辑备 剧悼 60-37,35.1522311,126.9046186
CU,堡林堡开矫 堡魂备 款巢悼 456-13,35.1759797,126.8183549
GS25,堡林堡开矫 巢备 畴措悼 827,35.1070603,126.9075604
舅府官捞,堡林堡开矫 堡魂备 价沥悼 800-4,35.1401977,126.7969953
固聪胶砰,堡林堡开矫 堡魂备 坷急悼 661,35.2021047,126.7905417
GS25脚啊盔冯脚啊盔冯,堡林堡开矫 堡魂备 脚啊悼 984-20,35.1860603,126.8355528
GS25,堡林堡开矫 巢备 豪急悼 617-5,0,0
GS25堡林街锰,堡林堡开矫 辑备 街锰悼 1278-4,35.1573259,126.8612262
GS,堡林堡开矫 辑备 陛龋悼 751-9,35.1342581,126.8579243
GS25,堡林堡开矫 合备 剧魂悼 249-33,35.2096816,126.8727009
技红老饭红堡林街锰快固痢,堡林堡开矫 辑备 街锰悼 1337,35.1609117,126.8608088
肚客胶臣,堡林堡开矫 合备 积侩悼 90,35.2238536,126.9006077
CU,堡林堡开矫 辑备 街锰悼 1295-10,35.1556819,126.8596703
困靛固蜡傣背瞒肺痢,堡林堡开矫 辑备 蜡锰悼 820-85,35.1658222,126.8480042
CU,堡林堡开矫 辑备 拳沥悼 23-19,35.1583121,126.8771618
CU,堡林堡开矫 辑备 悼玫悼 694,35.170214,126.8742158
款鞠茄惫捍盔概痢,堡林堡开矫 合备 款鞠悼 1078-11,35.1850974,126.8697431
CU,堡林堡开矫 辑备 蜡锰悼 871-3,35.1641594,126.8619929
CU,堡林堡开矫 合备 侩豪悼 1359-6,35.1808322,126.8939428
固聪胶砰,堡林堡开矫 巢备 柳岿悼 339-7,35.1215994,126.8959518
固聪胶砰脚啊吝居痢,堡林堡开矫 堡魂备 脚啊悼 994-3,35.1854105,126.8391678
固聪胶砰,堡林堡开矫 合备 剧魂悼 101,35.2083633,126.8777402
GS25,堡林堡开矫 辑备 丑己悼 660-3,35.1508606,126.8855911
CU,堡林堡开矫 合备 侩豪悼 741,35.1787543,126.8911408
固聪胶砰,堡林堡开矫 堡魂备 孺籍悼 537,35.1806887,126.8088424
CU,堡林堡开矫 巢备 柳岿悼 483-6,35.1141476,126.9015792
CU,堡林堡开矫 辑备 陛龋悼 243-30,35.1312994,126.8541192
CU,堡林堡开矫 合备 巩蕊悼 787-6,35.1810986,126.9178606
GS25荐肯酒哆府框,堡林堡开矫 堡魂备 荐肯悼 937,35.1963829,126.8259068
GS25,堡林堡开矫 辑备 郴规悼 847,35.1560654,126.874139
CU,堡林堡开矫 合备 侩滴悼 285-4,35.2138872,126.8764897
技红老饭红,堡林堡开矫 合备 快魂悼 560-7,35.1676189,126.9168482
固聪胶砰,堡林堡开矫 堡魂备 岿邦悼 513-5,35.171312,126.8062698
固聪胶砰,堡林堡开矫 合备 侩豪悼 160-23,35.1759853,126.912666
技红老饭红,堡林堡开矫 合备 巩蕊悼 989-18,35.1879549,126.9252436
技红老饭红,堡林堡开矫 巢备 畴措悼 857,35.1053994,126.9055732
CU,堡林堡开矫 堡魂备 岿傈悼 2-75,35.1268488,126.7762158
固聪胶砰,堡林堡开矫 辑备 街锰悼 548-15,35.1464196,126.8604995
技红老饭红,堡林堡开矫 堡魂备 苛悼 1248,35.1262954,126.7575206
GS25,堡林堡开矫 合备 老邦悼 818-4,35.2084558,126.8985415
CU,堡林堡开矫 巢备 青鞠悼 713,35.1026109,126.8962984
困靛固,堡林堡开矫 悼备 拌覆悼 484-23,35.1573133,126.9177066
坷纳捞祈狼痢器瞒,堡林堡开矫 合备 款鞠悼 936-5,35.1785661,126.8743353
GS25巢堡林开,堡林堡开矫 悼备 切悼 994,35.1397837,126.922494
橇府鸥烙,堡林堡开矫 悼备 陛巢肺5啊 27,35.1530591,126.9113891
妊固府付飘拳沥快樊,堡林堡开矫 辑备 拳沥悼 900-5,35.1447412,126.8665821
CU,堡林堡开矫 合备 坷摹悼 872-1,35.1871105,126.8996429
固聪胶砰堡林陛龋痢,堡林堡开矫 辑备 陛龋悼 761-6,35.1330076,126.8584577
GS25坷摹付阑,堡林堡开矫 合备 坷摹悼 1043-2,35.186307,126.9149293
CU,堡林堡开矫 合备 夯锰悼 769-9,35.2207065,126.8795116
舅府官捞,堡林堡开矫 堡魂备 脚芒悼 1128-5,35.1962623,126.8376831
技红老饭红,堡林堡开矫 堡魂备 烙邦悼 498,35.2186388,126.7454261
CU,堡林堡开矫 合备 夯锰悼 3051,35.2137467,126.8807395
技红老饭红,堡林堡开矫 合备 坷摹悼 971-4,35.1869606,126.9044338
GS25堡林开迫康痢,堡林堡开矫 合备 脚救悼 132-5,35.1659623,126.9045082
CU,堡林堡开矫 辑备 陛龋悼 240-2,35.1299955,126.8527788
GS25,堡林堡开矫 巢备 豪急悼 176-2,35.1262893,126.9184989
固聪胶砰,堡林堡开矫 辑备 蜡锰悼 168-2,35.1657541,126.8543373
技红老饭红,堡林堡开矫 悼备 款覆悼 628,35.1325421,126.9412021
固聪胶砰堡玫酒抚痢,堡林堡开矫 辑备 堡玫悼 1-6,35.164473,126.8856781
GS陛龋,堡林堡开矫 辑备 陛龋悼 240-2,35.1299955,126.8527788
捞付飘,堡林堡开矫 悼备 措狼悼 76-1,35.1488676,126.9191651
厘荐祈狼痢,堡林堡开矫 堡魂备 厘荐悼 500-10,35.1864566,126.7867411
技红老饭红,堡林堡开矫 巢备 规覆悼 556-1,35.1283699,126.9171165
CU,堡林堡开矫 辑备 郴规悼 403-4,35.1538915,126.8716997
CU,堡林堡开矫 辑备 浅鞠悼 895,35.1218429,126.8618712
困靛固堡林价锰痢,堡林堡开矫 堡魂备 价锰悼 276-1,35.1386482,126.7735408
固聪胶砰,堡林堡开矫 辑备 拳沥悼 783-5,35.1530489,126.8793306
固聪胶砰,堡林堡开矫 堡魂备 魂沥悼 1060,35.1743428,126.800908
GS25,堡林堡开矫 合备 巩蕊悼 950-8,35.1873315,126.9196943
GS25,堡林堡开矫 辑备 街锰悼 1006-18,35.150258,126.8585081
CU,堡林堡开矫 合备 款鞠悼 934-8,35.1776432,126.8738169
GS25阿拳臂肺国痢,堡林堡开矫 合备 阿拳悼 152-25,35.1792468,126.9376178
CU,堡林堡开矫 辑备 摹乞悼 1243,35.1512093,126.8545316
磊哎付寸,堡林堡开矫 合备 脚救悼 127-1,35.166846,126.9028892
圈牢盔祈狼付飘滴鞠痢,堡林堡开矫 合备 滴鞠悼 935-8,35.169702,126.9374886
龋巢魄盟拱祈狼痢,堡林堡开矫 辑备 摹乞悼 1247-4,35.1506366,126.8521816
捞付飘,堡林堡开矫 悼备 瘤魂悼 473-9,35.1458668,126.9298918
TODAY,堡林堡开矫 巢备 归款悼 635-1,35.1344974,126.9012916
唱牢诀24,堡林堡开矫 悼备 切悼 734-2,35.1325286,126.9313419
CU,堡林堡开矫 堡魂备 价沥悼 758-3,35.1408201,126.7981402
固聪胶砰荤鞠肺痢,堡林堡开矫 堡魂备 档玫悼 295-7,35.2085269,126.8167535
K1祈狼痢,堡林堡开矫 合备 款鞠悼 940,35.1803265,126.8734305
困靛固款鞠喉风矫救痢,堡林堡开矫 合备 款鞠悼 779-2,35.173736,126.8747156
单呼宏扼款,堡林堡开矫 堡魂备 街鞠悼 694-63,35.2137105,126.8493241
CU堡林力籍魂痢,堡林堡开矫 巢备 豪急悼 1077,35.1210119,126.9076579
舅府官捞,堡林堡开矫 堡魂备 岿拌悼 891-7,35.2138111,126.8457106
SMART橇扼磊,堡林堡开矫 合备 侩豪悼 1248-13,35.177957,126.8977171
GS25,堡林堡开矫 堡魂备 炔锋悼 1,35.1163179,126.7907211
捞付飘24,堡林堡开矫 悼备 措狼悼 76-1,35.1488676,126.9191651
技红老饭红,堡林堡开矫 合备 楷力悼 42-8,35.1974916,126.8709593
GS25,堡林堡开矫 合备 脚救悼 226-14,35.1721788,126.9050002
技红老饭红,堡林堡开矫 合备 坷摹悼 1025-18,35.187186,126.9120493
GS25,堡林堡开矫 辑备 堡玫悼 650-312,35.1659674,126.8789141
CU,堡林堡开矫 辑备 摹乞悼 203-5,35.1510292,126.8557252
GS25,堡林堡开矫 悼备 魂荐悼 685,35.1609992,126.9354684
固聪胶砰,堡林堡开矫 辑备 街锰悼 968-1,35.1515432,126.8592255
固聪胶砰,堡林堡开矫 堡魂备 岿傈悼 1133,35.1208283,126.7774867
CU,堡林堡开矫 堡魂备 魂沥悼 1104,35.1713525,126.7999468
春妊剐府祈狼痢,堡林堡开矫 合备 侩豪悼 1365-22,35.1805062,126.8946714
揪力捞棵府宏匙飘亏胶堡林,堡林堡开矫 辑备 堡玫悼 234-6,35.1619074,126.8800468
技红老饭红,堡林堡开矫 堡魂备 荐肯悼 1682,35.1893797,126.8294926
CU,堡林堡开矫 辑备 浅鞠悼 1053,35.1224029,126.8759437
困靛固堡林蜡沥痢,堡林堡开矫 悼备 拌覆悼 538-39,35.1592773,126.9147819
CU,堡林堡开矫 合备 滴鞠悼 581-33,35.1758267,126.931041
悼魂酱欺,堡林堡开矫 悼备 瘤魂悼 714-43,35.150876,126.9329762
坷锹祈狼痢,堡林堡开矫 合备 吝蕊悼 355-14,35.1693277,126.9106238
CU,堡林堡开矫 合备 款鞠悼 805-7,35.174249,126.871967
GS25规覆葛酒,堡林堡开矫 巢备 规覆悼 556,35.1290615,126.9153959
CU,堡林堡开矫 巢备 岿魂悼 271-2,35.1496007,126.8968195
GS25,堡林堡开矫 辑备 拳沥悼 782-1,35.1533507,126.8808968
桨磐付飘,堡林堡开矫 悼备 款覆悼 959,35.1338054,126.9560794
技红老饭红,堡林堡开矫 堡魂备 快魂悼 1027-4,35.1580809,126.8107645
SSM概痢,堡林堡开矫 辑备 摹乞悼 1326,35.1467139,126.8473115
GS25,堡林堡开矫 巢备 岿魂悼 929-35,35.1461213,126.8889367
GS25,堡林堡开矫 合备 吝蕊悼 334-12,35.1719646,126.9085673
技红老饭红,堡林堡开矫 堡魂备 价沥悼 1003-77,35.1376278,126.7919383
技红老饭红,堡林堡开矫 悼备 辑籍悼 96-3,35.1439338,126.9238772
盲澄钮,堡林堡开矫 合备 剧魂悼 288-15,35.2042811,126.8714953
CU,堡林堡开矫 合备 噶岿悼 1172-4,35.2115002,126.9456717
CU,堡林堡开矫 堡魂备 岿拌悼 891-4,35.2146024,126.8456947
GS25,堡林堡开矫 合备 巩蕊悼 185-1,35.1812226,126.9277795
CU,堡林堡开矫 合备 脚救悼 136-1,35.1644097,126.9026262
技红老饭红,堡林堡开矫 堡魂备 烙邦悼 490-5,35.2197667,126.7429405
弊赴365,堡林堡开矫 堡魂备 脚芒悼 1239-7,35.1947633,126.8381939
部付酒捞瘤俊捞内府酒,堡林堡开矫 合备 侩豪悼 1425-3,35.1821702,126.8988442
内府酒技红堡林辑籍榜靛痢,堡林堡开矫 悼备 辑籍悼 98-1,35.1435752,126.9229663
CU,堡林堡开矫 悼备 魂荐悼 715,35.1530962,126.9292086
固聪胶砰,堡林堡开矫 辑备 摹乞悼 1208,35.1567715,126.8535466
捞付飘,堡林堡开矫 辑备 浅鞠悼 1161-9,35.1283255,126.8845667
固聪胶砰,堡林堡开矫 辑备 浅鞠悼 1111,35.1263571,126.8779213
技红老饭红堡林侩豪荤尔痢,堡林堡开矫 合备 侩豪悼 144-10,35.1789711,126.9154254
CU,堡林堡开矫 堡魂备 岿邦悼 538-2,35.166982,126.8077032
内府酒技红堡林坷摹辑窍痢,堡林堡开矫 合备 坷摹悼 971-5,35.1869661,126.9046558
舅府官捞,堡林堡开矫 辑备 浅鞠悼 1137-11,35.1272898,126.8824128
技红老饭红,堡林堡开矫 合备 剧魂悼 653,35.1975433,126.8735081
CU,堡林堡开矫 堡魂备 脚芒悼 1110,35.200385,126.8395996
困靛固堡林开痢,堡林堡开矫 合备 脚救悼 1-4,35.1649994,126.9081438
困靛固惑公瘤备痢,堡林堡开矫 辑备 摹乞悼 1220-6,35.1540919,126.8527443
困靛固林岿伙腊痢,堡林堡开矫 巢备 林岿悼 440-10,35.1287235,126.8945777
内府酒技红堡林,堡林堡开矫 辑备 陛龋悼 738-1,35.1390548,126.857834
cu堡林拳俺痢,堡林堡开矫 辑备 陛龋悼 892,35.1251081,126.8550666
CU,堡林堡开矫 堡魂备 岿拌悼 870-7,35.2166659,126.8484414
困靛固堡林苛悼痢,堡林堡开矫 堡魂备 苛悼 221-3,35.1245785,126.7609286
技红老饭红脚玫鳃啪盖记痢,堡林堡开矫 辑备 街锰悼 1374-4,35.1556887,126.8649291
舅府官捞,堡林堡开矫 巢备 柳岿悼 421-1,35.1178362,126.8983037
内府酒技红堡林脚啊,堡林堡开矫 堡魂备 脚啊悼 1008-1,35.1836003,126.8348439
技红老饭红,堡林堡开矫 合备 烙悼 97-36,35.1635736,126.8967521
技红老饭红,堡林堡开矫 堡魂备 价沥悼 794-4,35.1397462,126.7962338
内府酒技红堡林,堡林堡开矫 合备 款鞠悼 443-24,35.1731914,126.8795674
技红老饭红,堡林堡开矫 合备 合悼 92-24,35.156907,126.9095071
奴喊付飘,堡林堡开矫 堡魂备 岿拌悼 898-11,35.2093677,126.8419304
固聪胶砰,堡林堡开矫 巢备 归款悼 32-1,35.1403204,126.9038632
秦乔单捞,堡林堡开矫 合备 侩豪悼 1358-9,35.1808524,126.8934275
CU,堡林堡开矫 堡魂备 魂岿悼 886-1,35.2074336,126.8440499
CU,堡林堡开矫 堡魂备 快魂悼 1576-4,35.1625976,126.8057389
姐付飘,堡林堡开矫 堡魂备 脚啊悼 1019-2,35.1836051,126.8391324
CU,堡林堡开矫 堡魂备 脚啊悼 1092,35.1861136,126.8268451
固聪胶砰,堡林堡开矫 堡魂备 档魂悼 868-1,35.1327824,126.7959002
技红老饭红,堡林堡开矫 堡魂备 岿邦悼 495-14,35.1754753,126.8066479
瘤俊胶拌覆,堡林堡开矫 悼备 拌覆悼 556-7,35.1626627,126.9182536
内府酒技红堡林,堡林堡开矫 合备 滴鞠悼 569-12,35.176422,126.9286713
GS25荐肯痢,堡林堡开矫 堡魂备 荐肯悼 1377,35.1916198,126.8304467
技红老饭红,堡林堡开矫 堡魂备 急鞠悼 588,35.1466204,126.7766599
CU,堡林堡开矫 堡魂备 岿邦悼 543-5,35.1701119,126.81019
内府酒技红堡林,堡林堡开矫 堡魂备 脚芒悼 1128-1,35.1966308,126.8367794
CU,堡林堡开矫 合备 侩豪悼 555-8,35.1769477,126.9008887
GS25,堡林堡开矫 合备 滴鞠悼 903-1,35.1685839,126.9321276
家夸恩祈狼痢,堡林堡开矫 合备 滴鞠悼 968-1,35.1640015,126.9357774
内府酒技红堡林,堡林堡开矫 合备 岿免悼 978-9,35.2308105,126.8631982
技红老饭红,堡林堡开矫 堡魂备 价沥悼 871-35,35.1358857,126.7943195
努腐捞绞荤矫祈狼痢,堡林堡开矫 堡魂备 岿拌悼 758-3,35.2202236,126.8406269
固聪胶砰款巢瘤备,堡林堡开矫 堡魂备 款巢悼 785-4,35.1754012,126.8140619
技红老饭红,堡林堡开矫 合备 侩豪悼 584-28,35.1808764,126.8973484
固聪胶砰,堡林堡开矫 巢备 林岿悼 505-32,35.1307411,126.8935889
悼魂妊固府付飘,堡林堡开矫 合备 滴鞠悼 326,35.16647,126.9303883
CU款玫盔冯痢,堡林堡开矫 辑备 街锰悼 983-29,35.1493807,126.8590654
内府酒技红堡林款鞠鸥款痢,堡林堡开矫 合备 款鞠悼 1030-3,35.1799354,126.8725312
CU,堡林堡开矫 合备 伙阿悼 778-5,35.2013991,126.8974658
GS25,堡林堡开矫 合备 款鞠悼 130-1,35.1755031,126.8868544
技红老饭红,堡林堡开矫 合备 脚救悼 498-4,35.1682408,126.8967851
GS25,堡林堡开矫 巢备 价窍悼 365-1,35.1127967,126.8727371
固聪胶砰,堡林堡开矫 辑备 街锰悼 1362,35.1566071,126.863228
橇坊靛365,堡林堡开矫 堡魂备 岿邦悼 702-2,35.1704844,126.8109848
陛龋祈狼痢,堡林堡开矫 辑备 陛龋悼 815,35.1265091,126.8546255
GS25,堡林堡开矫 堡魂备 脚芒悼 1211-5,35.1886943,126.8373017
困靛固堡林柳邦魂窜痢,堡林堡开矫 堡魂备 坷急悼 693,35.1998765,126.7915679
CU,堡林堡开矫 巢备 豪急悼 460-6,35.1269887,126.9114309
固聪胶砰,堡林堡开矫 堡魂备 档魂悼 582,35.1254021,126.7947572
CU,堡林堡开矫 合备 吝蕊悼 340-24,35.1702075,126.9103082
CU傈措寝混痢,堡林堡开矫 合备 侩豪悼 1197-1,35.1818805,126.9087288
GS25,堡林堡开矫 合备 脚救悼 122-1,35.1648998,126.9056613
CU,堡林堡开矫 巢备 豪急悼 476-4,35.1255338,126.9100335
CU,堡林堡开矫 悼备 拌覆悼 543-1,35.1630799,126.9172007
固聪胶砰乞悼岿傈痢,堡林堡开矫 堡魂备 岿傈悼 1067,35.1217996,126.7764988
技红老饭红,堡林堡开矫 合备 概邦悼 290,35.1911812,126.8896925
内府酒技红堡林厘傣,堡林堡开矫 堡魂备 厘傣悼 1677,35.1898876,126.8173164
固聪胶砰,堡林堡开矫 堡魂备 救没悼 273-8,35.2170809,126.8056351
技红老饭红,堡林堡开矫 巢备 归款悼 494-8,35.1360869,126.9087037
内府酒技红堡林脚啊,堡林堡开矫 堡魂备 脚啊悼 1147,35.1854987,126.828213
困靛固猫乔攫胶鞘靛2龋痢,堡林堡开矫 合备 烙悼 316,35.1684289,126.8882828
楷技祈狼痢,堡林堡开矫 合备 悼覆悼 703,35.1766677,126.8597102
CU,堡林堡开矫 合备 快魂悼 606-5,35.1796997,126.9204466
GS25,堡林堡开矫 合备 滴鞠悼 61,35.1747957,126.9352251
困靛固堡林蜡沥痢,堡林堡开矫 悼备 拌覆悼 538-38,35.1591697,126.9147141
技红老饭红,堡林堡开矫 巢备 归款悼 586-15,35.1371528,126.9076544
CU,堡林堡开矫 堡魂备 快魂悼 1604-5,35.160036,126.8055127
gs25,堡林堡开矫 堡魂备 岿拌悼 849-5,35.2090134,126.8398288
技红老饭红,堡林堡开矫 堡魂备 岿邦悼 535-6,35.1692416,126.8084949
CU巩蕊泅措痢,堡林堡开矫 合备 巩蕊悼 968-2,35.1907185,126.9222628
GS25荐肯技康痢,堡林堡开矫 堡魂备 厘傣悼 1111,35.1989444,126.8179908
CU,堡林堡开矫 巢备 岿魂悼 192-5,35.1445554,126.9013132
困靛固归款泅措痢,堡林堡开矫 巢备 归款悼 636-9,35.1347563,126.9004688
CU,堡林堡开矫 堡魂备 魂沥悼 912-12,35.1760684,126.8064602
CU,堡林堡开矫 悼备 拌覆悼 567-1,35.1609482,126.9192334
CU,堡林堡开矫 堡魂备 坷急悼 648,35.2002825,126.7906766
CU岿拌盔冯痢,堡林堡开矫 堡魂备 岿拌悼 809-7,35.2111647,126.8360775
技红老饭红,堡林堡开矫 辑备 丑己悼 418-19,35.1608677,126.8839755
GS25款巢9窜瘤痢,堡林堡开矫 堡魂备 岿邦悼 681-1,35.1777333,126.8096329
CU,堡林堡开矫 巢备 柳岿悼 262-3,35.1183908,126.8991549
困靛固荐肯措肺痢,堡林堡开矫 堡魂备 脚啊悼 1236,35.180849,126.818536
CU,堡林堡开矫 悼备 辑籍悼 375,35.1423617,126.9342164
CU,堡林堡开矫 合备 滴鞠悼 860-36,35.1728033,126.9261046
GS25,堡林堡开矫 堡魂备 岿拌悼 797-1,35.2089471,126.8366612
内府酒技红堡林魂沥傍盔肺痢,堡林堡开矫 堡魂备 岿邦悼 509-8,35.1729039,126.8063951
CU,堡林堡开矫 堡魂备 岿邦悼 510-8,35.172606,126.807305
固聪胶砰,堡林堡开矫 堡魂备 厚酒悼 707-11,35.2205284,126.8236667
CU,堡林堡开矫 辑备 概岿悼 946,35.1177358,126.8602395
舅府官捞坷摹痢,堡林堡开矫 合备 坷摹悼 572,35.1874881,126.9022576
CU堡林辑康措痢,堡林堡开矫 合备 款鞠悼 789-1,35.1759717,126.8695568
CU窍巢措肺痢,堡林堡开矫 堡魂备 窍巢悼 164-4,35.180851,126.7947062
CU规覆伙芭府痢,堡林堡开矫 巢备 规覆悼 526-2,35.133486,126.917824
技红老饭红,堡林堡开矫 合备 坷摹悼 861-73,35.1903697,126.9006176
权付飘,堡林堡开矫 悼备 魂荐悼 568-1,35.1599536,126.9340211
CU,堡林堡开矫 辑备 丑己悼 635-9,35.1493027,126.8911485
CU,堡林堡开矫 巢备 岿魂悼 901-3,35.1510503,126.8946194
CU,堡林堡开矫 合备 瓤飞悼 283-2,35.2447816,126.9153462
技红老饭红,堡林堡开矫 巢备 归款悼 626-1,35.135374,126.902297
技红老饭红,堡林堡开矫 堡魂备 厚酒悼 701-9,35.2223848,126.8216247
GS25,堡林堡开矫 合备 阿拳悼 594,35.1863054,126.9368967
CU,堡林堡开矫 合备 坷摹悼 1016-7,35.1888292,126.9149703
CU,堡林堡开矫 合备 坷摹悼 861-1,35.1913726,126.9005928
困靛固,堡林堡开矫 悼备 魂荐悼 688,35.1608613,126.9365598
技红老饭红,堡林堡开矫 辑备 陛龋悼 73-1,35.1293158,126.8616018
CU,堡林堡开矫 堡魂备 价沥悼 555-4,35.1367679,126.800226
内府酒技红堡林家锰捞瘤痢,堡林堡开矫 堡魂备 家锰悼 232-6,35.1587903,126.793831
G25,堡林堡开矫 堡魂备 脚芒悼 1211-5,35.1886943,126.8373017
CU,堡林堡开矫 辑备 丑己悼 417-18,35.1598447,126.8845309
固聪胶砰,堡林堡开矫 堡魂备 荐肯悼 1363,35.190888,126.8293957
技红老饭红,堡林堡开矫 合备 款鞠悼 96-5,35.1739726,126.8826528
withme,堡林堡开矫 堡魂备 档魂悼 1294-10,35.1286109,126.7907808
CU,堡林堡开矫 合备 脚救悼 136-7,35.1642647,126.90252
GS25矫,堡林堡开矫 悼备 瘤魂悼 510-12,35.1452661,126.9287519
CU,堡林堡开矫 合备 剧魂悼 124,35.2085216,126.8754753
CU,堡林堡开矫 悼备 魂荐悼 494-12,35.1538039,126.924332
扑胶配绢,堡林堡开矫 合备 滴鞠悼 561-6,35.1795669,126.929328
固聪胶砰滴鞠林傍痢,堡林堡开矫 合备 滴鞠悼 985-1,35.1624984,126.9349422
盲澄钮,堡林堡开矫 合备 剧魂悼 205-6,35.2127053,126.8806203
CU傈措吝居痢,堡林堡开矫 合备 侩豪悼 1226-1,35.1807725,126.9018299
CU林岿泅措痢,堡林堡开矫 巢备 林岿悼 456,35.1291644,126.8926207
舅府官捞,堡林堡开矫 辑备 拳沥悼 23-58,35.1570365,126.8791768
技红老饭红,堡林堡开矫 巢备 辑悼 241-2,35.1449569,126.9092958
棵歹傀捞,堡林堡开矫 悼备 陛悼 185-5,35.1420977,126.9192497
秦蝴,堡林堡开矫 辑备 摹乞悼 1240-8,35.1523869,126.8533866
CU,堡林堡开矫 辑备 浅鞠悼 1117-5,35.125836,126.8796364
GS25,堡林堡开矫 巢备 柳岿悼 382-17,35.1181212,126.8965147
盲澄钮,堡林堡开矫 悼备 瘤魂悼 249-4,35.1500266,126.9371642
内府酒技红堡林刘蕊,堡林堡开矫 合备 吝蕊悼 710-10,35.1605355,126.9096062
GS25拳沥伙劳痢,堡林堡开矫 辑备 拳沥悼 176-2,35.1568012,126.8826172
固聪胶砰,堡林堡开矫 堡魂备 岿拌悼 816-2,35.2130869,126.8382575
CU,堡林堡开矫 合备 侩豪悼 1149-47,35.1822409,126.9008804
固聪胶砰,堡林堡开矫 堡魂备 岿拌悼 888-7,35.2150423,126.8443362
固聪胶砰,堡林堡开矫 堡魂备 岿邦悼 537-2,35.1687773,126.8087388
秦蝴,堡林堡开矫 合备 滴鞠悼 566-1,35.1794495,126.9289106
CU,堡林堡开矫 辑备 街锰悼 891-19,35.1461265,126.8550433
CUSK剧魂林蜡家痢,堡林堡开矫 合备 剧魂悼 610-17,35.1980444,126.8759334
GS25,堡林堡开矫 辑备 丑己悼 631-38,35.1504926,126.889714
GS25,堡林堡开矫 堡魂备 脚芒悼 507-17,35.19349,126.8486599
蜡捧祈狼痢,堡林堡开矫 堡魂备 急鞠悼 786,35.1490058,126.7687308
妊剐府付飘,堡林堡开矫 悼备 切悼 618-9,35.1366815,126.9258884
弊赴祈狼痢,堡林堡开矫 辑备 概岿悼 948,35.1158768,126.8628683
GS25豪急扼牢痢,堡林堡开矫 巢备 豪急悼 985,35.1298302,126.9099904
技红老饭红,堡林堡开矫 合备 脚侩悼 651,35.213836,126.8608426
固聪胶砰,堡林堡开矫 合备 吝蕊悼 277-1,35.1743567,126.9144403
GS25,堡林堡开矫 辑备 拳沥悼 740-6,35.1537502,126.8748646
固聪胶砰,堡林堡开矫 合备 悼覆悼 1149-2,35.1872866,126.8657069
技红老饭红堡林窍魂痢,堡林堡开矫 堡魂备 窍魂悼 150-1,35.0946138,126.7733545
CU,堡林堡开矫 辑备 丑己悼 670-1,35.1489342,126.8875462
窍尔揪蜡堡林力籍魂痢,堡林堡开矫 巢备 豪急悼 1077,35.1210119,126.9076579
内府酒技红岿拌瞒聪痢,堡林堡开矫 堡魂备 岿拌悼 790-2,35.210665,126.8349481
捞绞荤矫祈狼痢,堡林堡开矫 巢备 剧覆悼 92-39,35.1375783,126.9169714
CU,堡林堡开矫 辑备 蜡锰悼 844,35.1646339,126.8573193
GS25,堡林堡开矫 悼备 拌覆悼 484-23,35.1573133,126.9177066
CU,堡林堡开矫 巢备 岿魂悼 1-4,35.1481149,126.9051441
GS25,堡林堡开矫 巢备 辑悼 291,35.1410277,126.9091728
捞付飘,堡林堡开矫 堡魂备 街鞠悼 688-4,35.2212222,126.8523511
GS25,堡林堡开矫 合备 浅氢悼 601-1,35.1661882,126.9214119
GS25,堡林堡开矫 悼备 措狼悼 39,35.1501785,126.9208025
技红老饭红,堡林堡开矫 辑备 浅鞠悼 1171,35.1264211,126.8841611
CU,堡林堡开矫 巢备 林岿悼 106-27,35.1362976,126.8919504
固聪胶砰,堡林堡开矫 堡魂备 价沥悼 843-1,35.1386258,126.7950526
技红老饭红,堡林堡开矫 堡魂备 价沥悼 950-12,35.1340102,126.7890022
GS25,堡林堡开矫 堡魂备 荐肯悼 1077,35.1916678,126.8244087
固聪胶砰,堡林堡开矫 合备 滴鞠悼 298-5,35.1656762,126.9340518
CU,堡林堡开矫 合备 悼覆悼 885-12,35.1721694,126.8683777
秦乔单捞祈狼痢,堡林堡开矫 悼备 面厘肺1啊 8-2,35.1472411,126.9182937
GS25,堡林堡开矫 合备 脚救悼 143-11,35.1637273,126.9035034
技红老饭红,堡林堡开矫 合备 老邦悼 886-1,35.2072928,126.8940589
堡林林岿疙瘤痢,堡林堡开矫 巢备 林岿悼 700,35.1388888,126.888324
技红老饭红,堡林堡开矫 堡魂备 家锰悼 645-2,35.1505038,126.7881595
固聪胶砰,堡林堡开矫 辑备 街锰悼 979-33,35.1484755,126.8576336
GS25价沥荤尔捍盔,堡林堡开矫 堡魂备 价沥悼 895-1,35.1347702,126.7977274
GS25,堡林堡开矫 堡魂备 款巢悼 387-22,35.1731232,126.8198524
固聪胶砰,堡林堡开矫 合备 吝蕊悼 327-1,35.1707524,126.9081095
GS25,堡林堡开矫 合备 悼覆悼 1147-2,35.1902414,126.8654977
技红老饭红,堡林堡开矫 合备 坷摹悼 692-1,35.1946047,126.9039643
GS25,堡林堡开矫 合备 剧魂悼 776,35.2106981,126.8835263
技红老饭红,堡林堡开矫 巢备 畴措悼 810,35.1023491,126.8998215
固聪胶砰,堡林堡开矫 堡魂备 堡魂悼 86,35.2514387,126.745848
GS25,堡林堡开矫 合备 悼覆悼 1147-1,35.1890905,126.8652334
CU,堡林堡开矫 巢备 豪急悼 518,35.1209656,126.909257
技红老饭红,堡林堡开矫 辑备 拳沥悼 743-24,35.1520232,126.875348
固聪胶砰,堡林堡开矫 合备 坷摹悼 861-44,35.1884962,126.9004415
技红老饭红,堡林堡开矫 合备 蜡悼 109-6,35.1592801,126.9059536
CU,堡林堡开矫 巢备 柳岿悼 567,35.1092467,126.8971892
内府酒技红堡林,堡林堡开矫 堡魂备 厘傣悼 1338,35.1922289,126.8135119
固聪胶砰,堡林堡开矫 合备 巩蕊悼 742-1,35.1769714,126.9158057
EVERYMART,堡林堡开矫 堡魂备 脚芒悼 1222-4,35.1914007,126.8387431
GS25,堡林堡开矫 合备 侩豪悼 1199-10,35.1826357,126.9071821
GS25,堡林堡开矫 巢备 柳岿悼 592-1,35.1069872,126.895537
CU,堡林堡开矫 合备 悼覆悼 755-3,35.1799246,126.8591631
CU,堡林堡开矫 堡魂备 脚啊悼 1048,35.1873153,126.8333293
固聪胶砰窍巢颊犁肺痢,堡林堡开矫 堡魂备 窍巢悼 440-15,35.1945172,126.7952379
纳捞瘤技红老饭红堡林堡玫磐固澄,堡林堡开矫 辑备 堡玫悼 49-1,35.1603093,126.8801306
固聪胶砰,堡林堡开矫 悼备 切悼 8,35.1417266,126.9220235
技红老饭红,堡林堡开矫 巢备 豪急悼 560-6,35.1208166,126.9125309
技红老饭红,堡林堡开矫 辑备 概岿悼 601-6,35.1191297,126.8569582
舅府官捞,堡林堡开矫 堡魂备 厘傣悼 1330,35.1930366,126.8141702
CU,堡林堡开矫 堡魂备 快魂悼 1079-4,35.1521674,126.8110956
舅府官捞,堡林堡开矫 堡魂备 脚芒悼 1123-4,35.1970103,126.8380166
CU,堡林堡开矫 辑备 浅鞠悼 926,35.120926,126.8656225
技红老饭红,堡林堡开矫 堡魂备 岿傈悼 1217,35.1241584,126.7709384
固聪胶砰,堡林堡开矫 悼备 悼疙悼 231,35.1524351,126.920507
CU,堡林堡开矫 悼备 拌覆悼 1621,35.1617347,126.9289805
GS25,堡林堡开矫 辑备 拳沥悼 965,35.1427346,126.887192
GS25,堡林堡开矫 堡魂备 档玫悼 532-6,35.2185574,126.8126112
GS25,堡林堡开矫 辑备 街锰悼 879,35.1460212,126.858518
固聪胶砰,堡林堡开矫 堡魂备 岿拌悼 805-6,35.2101774,126.8370455
CU,堡林堡开矫 巢备 青鞠悼 539,35.0991849,126.8835905
GS25,堡林堡开矫 堡魂备 孺籍悼 585,35.1805614,126.8105201
费府扑惑公府盲痢,堡林堡开矫 辑备 摹乞悼 1218,35.1548793,126.8508954
CU,堡林堡开矫 辑备 拳沥悼 335,35.1466678,126.8726863
CU,堡林堡开矫 堡魂备 急鞠悼 506,35.1502772,126.7804212
内府酒技红堡林,堡林堡开矫 辑备 丑己悼 642-25,35.1514065,126.8884258
GS25,堡林堡开矫 悼备 陛悼 211-6,35.1417292,126.9180894
吝居概痢,堡林堡开矫 堡魂备 脚啊悼 327-13,35.18245,126.8319762
技红老饭红,堡林堡开矫 巢备 剧覆悼 66-38,35.1392951,126.9159889
CU,堡林堡开矫 辑备 浅鞠悼 682-19,35.1184905,126.8668853
固聪胶砰,堡林堡开矫 合备 烙悼 104-8,35.165208,126.8880769
GS25,堡林堡开矫 堡魂备 魂沥悼 165,35.1647619,126.7962996
览览胶农福堡玫,堡林堡开矫 辑备 堡玫悼 713-7,35.1659783,126.8768727
技红老饭红,堡林堡开矫 堡魂备 厘傣悼 1678,35.1891968,126.8193677
捞付飘,堡林堡开矫 巢备 柳岿悼 867-16,35.1095123,126.8964189
内府酒技红堡林,堡林堡开矫 合备 款鞠悼 489-13,35.1732379,126.885285
CU,堡林堡开矫 堡魂备 款巢悼 777-3,35.1767245,126.8270912
俊捞摹俊捞矫胶袍炼急捞傍,堡林堡开矫 悼备 辑籍悼 290,35.1402992,126.9309272
GS25,堡林堡开矫 堡魂备 急鞠悼 555,35.149102,126.7778403
叼骏,堡林堡开矫 巢备 价窍悼 365-1,35.1127967,126.8727371
CU,堡林堡开矫 合备 楷力悼 1119,35.194232,126.870328
GS25,堡林堡开矫 合备 楷力悼 1119,35.194232,126.870328
固聪胶砰,堡林堡开矫 堡魂备 脚芒悼 1108-3,35.1866771,126.8378252
固聪胶砰,堡林堡开矫 堡魂备 脚芒悼 1292,35.1888147,126.8448137
技红老饭红堡林梅窜捍盔痢,堡林堡开矫 堡魂备 街鞠悼 665-1,35.2211811,126.8451487
GS25,堡林堡开矫 悼备 切悼 65-1,35.1409733,126.9214211
GS25,堡林堡开矫 堡魂备 脚芒悼 1273-2,35.1910036,126.8367351
措切肺疙苞24矫祈狼痢,堡林堡开矫 合备 脚救悼 213-5,35.1691941,126.9038821
GS25,堡林堡开矫 巢备 豪急悼 985,35.1298302,126.9099904
CU,堡林堡开矫 合备 坷摹悼 941-1,35.1891301,126.9076426
俺固24矫祈狼痢,堡林堡开矫 悼备 拌覆悼 558-6,35.1617973,126.9200605
舅府官捞,堡林堡开矫 辑备 街锰悼 249-8,35.1576115,126.8686969
SUPERMART,堡林堡开矫 合备 侩豪悼 1241-28,35.1789893,126.9005464
内府酒啪海浓,堡林堡开矫 堡魂备 厚酒悼 686-1,35.2218517,126.8161592
技红老饭红堡林郴规林傍痢,堡林堡开矫 辑备 郴规悼 581-4,35.1570063,126.8738261
贾碍,堡林堡开矫 合备 侩豪悼 1378-1,35.1790278,126.8948722
厚鸥刮付飘,堡林堡开矫 巢备 归款悼 629-12,35.1347788,126.9036129
固聪胶砰堡林瘤痢,堡林堡开矫 堡魂备 快魂悼 1589-1,35.1606585,126.8114782
固聪胶砰悼玫林傍,堡林堡开矫 辑备 悼玫悼 704,35.1706063,126.873598
茄惫固聪胶砰龋巢瘤痢公殿版扁厘痢,堡林堡开矫 合备 烙悼 316,35.1684289,126.8882828
CU,堡林堡开矫 堡魂备 快魂悼 1587-1,35.1629287,126.811511
365祈狼痢,堡林堡开矫 合备 坷摹悼 984-2,35.1850168,126.9111042
内府酒技红堡林,堡林堡开矫 合备 侩豪悼 1240-1,35.1793558,126.8988534
CU,堡林堡开矫 巢备 柳岿悼 214-2,35.1139011,126.9037716
技红老饭红,堡林堡开矫 堡魂备 价沥悼 791-12,35.1414337,126.7951245
茄基虐模官儒堡林傈矫厘痢,堡林堡开矫 辑备 摹乞悼 1243,35.1512093,126.8545316
技红老饭红,堡林堡开矫 堡魂备 价沥悼 710-3,35.1428299,126.8002186
坷坊瘤祈狼痢,堡林堡开矫 辑备 拳沥悼 742-6,35.1527927,126.8764751
固聪胶砰,堡林堡开矫 堡魂备 街鞠悼 664-5,35.221663,126.8443596
技红老饭红,堡林堡开矫 堡魂备 岿邦悼 313-29,35.1737815,126.8087451
局靛粮24,堡林堡开矫 合备 浅氢悼 597-13,35.164209,126.9229398
技红老饭红,堡林堡开矫 悼备 拌覆悼 293-7,35.157626,126.9190404
固聪胶砰,堡林堡开矫 巢备 柳岿悼 567-3,35.1094767,126.8970705
葛带窍快胶面厘痢,堡林堡开矫 悼备 面厘肺4啊 29-2,35.1487762,126.9130789
舅府官捞,堡林堡开矫 合备 侩豪悼 1199-10,35.1826357,126.9071821
棵哩脚技拌堡林痢,堡林堡开矫 辑备 堡玫悼 49-1,35.1603093,126.8801306
困靛固,堡林堡开矫 悼备 瘤魂悼 63-1,35.1474453,126.9488054
努风堡林梅窜痢,堡林堡开矫 堡魂备 岿拌悼 890-2,35.2142968,126.8441973
内府酒技红堡林,堡林堡开矫 悼备 拌覆悼 1596,35.1621248,126.9284364
捞付飘,堡林堡开矫 辑备 摹乞悼 1218-2,35.1540894,126.8504898
付捞档矫祈狼痢,堡林堡开矫 巢备 备悼 12,35.1481367,126.9085128
CU,堡林堡开矫 合备 滴鞠悼 304-49,35.164344,126.9334614
父促府唱傣,堡林堡开矫 辑备 堡玫悼 49-1,35.1603093,126.8801306
CU,堡林堡开矫 合备 滴鞠悼 968-1,35.1640015,126.9357774
CU,堡林堡开矫 巢备 林岿悼 1328,35.1300336,126.8994254
GS25梅窜傍窜痢,堡林堡开矫 合备 措锰悼 958-20,35.2307981,126.8589037
CU,堡林堡开矫 巢备 豪急悼 606,35.1237802,126.9066226
巢己农肺目促老堡林NC归拳痢,堡林堡开矫 合备 脚救悼 6-1,35.1617725,126.9073163
CU,堡林堡开矫 悼备 瘤魂悼 503-5,35.1450458,126.9304367
技红老饭红,堡林堡开矫 合备 滴鞠悼 888-2,35.1699823,126.9260448
CU款巢林傍痢,堡林堡开矫 堡魂备 款巢悼 776-3,35.1779642,126.8250349
内府酒技红堡林,堡林堡开矫 巢备 豪急悼 490-1,35.1225102,126.9093752
固聪胶砰,堡林堡开矫 辑备 摹乞悼 1262-5,35.1501773,126.8542489
技红老饭红,堡林堡开矫 堡魂备 岿邦悼 698-2,35.1709865,126.8110456
CU,堡林堡开矫 悼备 款覆悼 670-4,35.1324382,126.944221
技红,堡林堡开矫 辑备 堡玫悼 49-1,35.1603093,126.8801306
CU,堡林堡开矫 堡魂备 脚啊悼 1202,35.1803937,126.8204789
弊赴汗鼻傈巩祈狼痢,堡林堡开矫 辑备 郴规悼 477-6,35.1574861,126.8722105
揪蜡沥焊烹脚,堡林堡开矫 堡魂备 脚啊悼 1001-6,35.1842293,126.8333433
技红老饭红,堡林堡开矫 辑备 丑己悼 392-5,35.1578121,126.8839916
技红老饭红堡林傈措摹措痢,堡林堡开矫 合备 脚救悼 475-3,35.1714164,126.9013823
技红老饭红,堡林堡开矫 悼备 陛巢肺5啊 74-5,35.1537061,126.9125092
内府酒技红堡林脚救促捞酒痢,堡林堡开矫 合备 脚救悼 498-4,35.1682408,126.8967851
CU,堡林堡开矫 合备 吝蕊悼 279-3,35.1748909,126.9141989
GS25,堡林堡开矫 辑备 街锰悼 1340-5,35.1604217,126.8634483
S付飘,堡林堡开矫 巢备 柳岿悼 250-8,35.117886,126.9003684
内府酒技红堡林,堡林堡开矫 堡魂备 街鞠悼 694-34,35.2164705,126.8500941
CU,堡林堡开矫 堡魂备 岿傈悼 1193,35.1201672,126.7781903
技红老饭红,堡林堡开矫 堡魂备 脚啊悼 968-12,35.1827563,126.8322621
CU,堡林堡开矫 合备 坷摹悼 977-1,35.1856634,126.9056917
CU,堡林堡开矫 辑备 拳沥悼 831-8,35.1431352,126.8803318
GS,堡林堡开矫 辑备 丑己悼 631-38,35.1504926,126.889714
CU,堡林堡开矫 巢备 价窍悼 425-5,35.1086447,126.8779357
CU,堡林堡开矫 堡魂备 款巢悼 525-3,35.1773265,126.8246454
CU,堡林堡开矫 悼备 切悼 750-74,35.1309737,126.9295047
CU,堡林堡开矫 巢备 归款悼 591-1,35.1354326,126.9089219
技红老饭红公开雀包痢,堡林堡开矫 堡魂备 快魂悼 1594-1,35.1602502,126.8105123
CU,堡林堡开矫 巢备 岿魂悼 1018-40,35.141955,126.8953482
悼虐龋抛祈狼痢,堡林堡开矫 辑备 浅鞠悼 935-7,35.1239368,126.8647249
CU,堡林堡开矫 堡魂备 快魂悼 1591-7,35.1587701,126.8115616
CU,堡林堡开矫 辑备 摹乞悼 1168-1,35.1542772,126.8458177
内府酒技红堡林脚芒,堡林堡开矫 堡魂备 脚芒悼 1199-8,35.1900328,126.8393234
GS25,堡林堡开矫 辑备 拳沥悼 859-1,35.1390734,126.8774524
内府酒技红堡林滴鞠,堡林堡开矫 合备 滴鞠悼 916-8,35.1713971,126.9369839
GS25堡林抗啊痢,堡林堡开矫 合备 侩豪悼 999,35.1858385,126.8902429
内府酒技红堡林窍巢,堡林堡开矫 堡魂备 档玫悼 376-2,35.2119601,126.8181835
固聪胶砰,堡林堡开矫 辑备 丑己悼 481-8,35.1553479,126.8843002
CU,堡林堡开矫 堡魂备 急鞠悼 549,35.1505822,126.7750896
CU,堡林堡开矫 堡魂备 急鞠悼 553,35.150669,126.7779895
技红老饭红,堡林堡开矫 堡魂备 快魂悼 1057-7,35.153804,126.8104145
捞付飘,堡林堡开矫 堡魂备 岿拌悼 768-7,35.2132884,126.8405926
CU,堡林堡开矫 堡魂备 街鞠悼 675-3,35.2201518,126.8470401
技红,堡林堡开矫 合备 款鞠悼 110-51,35.1731646,126.8901683
GS25,堡林堡开矫 合备 侩豪悼 1031,35.1819082,126.890534
CU,堡林堡开矫 合备 脚侩悼 655,35.2118775,126.8580981
CU,堡林堡开矫 悼备 拌覆悼 1113,35.1627756,126.9244401
CU,堡林堡开矫 合备 脚侩悼 809,35.2085513,126.8649516
CU,堡林堡开矫 辑备 街锰悼 952-12,35.1535194,126.8673888
弊赴25,堡林堡开矫 辑备 摹乞悼 1240-8,35.1523869,126.8533866
CU,堡林堡开矫 合备 滴鞠悼 568-8,35.1767579,126.9273162
CU,堡林堡开矫 合备 剧魂悼 355,35.1996511,126.874747
固聪胶砰,堡林堡开矫 合备 款鞠悼 90-1,35.1753828,126.8803357
权敲矾胶(林) 堡林窍巢痢,堡林堡开矫 堡魂备 窍巢悼 831锅瘤,35.1779509,126.8054079
(林)捞付飘 悼堡林痢,堡林堡开矫 悼备 拌覆1悼 100锅瘤 11龋,35.1603249,126.9203742
权敲矾胶(林)拌覆痢,堡林堡开矫 悼备 拌覆1悼 505锅瘤 900龋,35.1634535,126.9182273
捞付飘 豪急痢,堡林堡开矫 巢备 豪急悼 1064龋,35.122413,126.9160258
捞付飘 堡林痢,堡林堡开矫 辑备 拳沥悼 12锅瘤 13龋 堡林 捞付飘,35.1554514,126.878729
林侥雀荤 捞付飘 堡魂痢,堡林堡开矫 堡魂备 快魂悼 1598锅瘤 3龋,35.16093,126.8085151
权敲矾胶(林) 悼堡林痢,堡林堡开矫 合备 滴鞠2悼 575锅瘤 1龋,35.1795454,126.9304638
脚技拌捞付飘惑公痢,堡林堡开矫 辑备 摹乞悼 1208锅瘤 5龋,35.1567715,126.8535466
吩单碱俏(林)吩单付飘钙胶 惑公痢,堡林堡开矫 辑备 摹乞悼 1239龋,35.1523712,126.852388
(林)脚技拌捞付飘悼堡林痢,堡林堡开矫 悼备 拌覆悼 100锅瘤 11龋,35.1631737,126.9222917
